,Data,Vazao,throughput_raw,hour,day_of_week,relative_day,is_weekend,time_since_start,hour_sin,hour_cos,throughput_rolling_mean,throughput_rolling_std
0,2024-01-15 12:00:00,884736884.0,884736884.0,12,0,0,False,0.0,1.2246467991473532e-16,-1.0,884736884.0,0.0
1,2024-01-15 18:00:00,919615275.0,919615275.0,18,0,0,False,6.0,-1.0,-1.8369701987210297e-16,902176079.5,24662746.792975847
2,2024-01-16 00:00:00,,,0,1,1,False,12.0,0.0,1.0,902176079.5,24662746.792975847
3,2024-01-16 06:00:00,932835005.0,932835005.0,6,1,1,False,18.0,1.0,6.123233995736766e-17,912395721.3333334,24848516.601440612
4,2024-01-16 12:00:00,924748721.5,924748721.5,12,1,1,False,24.0,1.2246467991473532e-16,-1.0,925733000.5,6664601.952150209
5,2024-01-16 18:00:00,919815857.0,919815857.0,18,1,1,False,30.0,-1.0,-1.8369701987210297e-16,925799861.1666666,6572915.989924451
6,2024-01-17 00:00:00,,,0,2,2,False,36.0,0.0,1.0,925799861.1666666,6572915.989924451
7,2024-01-17 06:00:00,920912286.0,920912286.0,6,2,2,False,42.0,1.0,6.123233995736766e-17,921825621.5,2590159.1351707494
8,2024-01-17 12:00:00,921494302.0,921494302.0,12,2,2,False,48.0,1.2246467991473532e-16,-1.0,920740815.0,852259.4278652682
9,2024-01-17 18:00:00,,,18,2,2,False,54.0,-1.0,-1.8369701987210297e-16,921203294.0,411547.46035477944
10,2024-01-18 00:00:00,,,0,3,3,False,60.0,0.0,1.0,921203294.0,411547.46035477944
11,2024-01-18 06:00:00,920546113.0,920546113.0,6,3,3,False,66.0,1.0,6.123233995736766e-17,921020207.5,670470.8717438579
12,2024-01-18 12:00:00,920311582.5,920311582.5,12,3,3,False,72.0,1.2246467991473532e-16,-1.0,920428847.75,165838.1069344249
13,2024-01-18 18:00:00,920234254.0,920234254.0,18,3,3,False,78.0,-1.0,-1.8369701987210297e-16,920363983.1666666,162398.83425940544
14,2024-01-19 00:00:00,,,0,4,4,False,84.0,0.0,1.0,920363983.1666666,162398.83425940544
15,2024-01-19 06:00:00,,,6,4,4,False,90.0,1.0,6.123233995736766e-17,920272918.25,54679.50669652356
16,2024-01-19 12:00:00,,,12,4,4,False,96.0,1.2246467991473532e-16,-1.0,920234254.0,0.0
17,2024-01-19 18:00:00,824606677.0,824606677.0,18,4,4,False,102.0,-1.0,-1.8369701987210297e-16,824606677.0,0.0
18,2024-01-20 00:00:00,,,0,5,5,True,108.0,0.0,1.0,824606677.0,0.0
19,2024-01-20 06:00:00,,,6,5,5,True,114.0,1.0,6.123233995736766e-17,824606677.0,0.0
20,2024-01-20 12:00:00,899365883.0,899365883.0,12,5,5,True,120.0,1.2246467991473532e-16,-1.0,861986280.0,52862741.51872203
21,2024-01-20 18:00:00,916544339.5,916544339.5,18,5,5,True,126.0,-1.0,-1.8369701987210297e-16,907955111.25,12147003.081468126
22,2024-01-21 00:00:00,,,0,6,6,True,132.0,0.0,1.0,907955111.25,12147003.081468126
23,2024-01-21 06:00:00,927546196.5,927546196.5,6,6,6,True,138.0,1.0,6.123233995736766e-17,914485473.0,14202524.975798748
24,2024-01-21 12:00:00,920753664.0,920753664.0,12,6,6,True,144.0,1.2246467991473532e-16,-1.0,921614733.3333334,5551242.623027533
25,2024-01-21 18:00:00,931845211.0,931845211.0,18,6,6,True,150.0,-1.0,-1.8369701987210297e-16,926715023.8333334,5592292.885271864
26,2024-01-22 00:00:00,,,0,0,0,False,156.0,0.0,1.0,926715023.8333334,5592292.885271864
27,2024-01-22 06:00:00,,,6,0,0,False,162.0,1.0,6.123233995736766e-17,926299437.5,7842908.0975492755
28,2024-01-22 12:00:00,914472783.0,914472783.0,12,0,0,False,168.0,1.2246467991473532e-16,-1.0,923158997.0,12284161.644475032
29,2024-01-22 18:00:00,902920641.0,902920641.0,18,0,0,False,174.0,-1.0,-1.8369701987210297e-16,908696712.0,8168597.945429895
30,2024-01-23 00:00:00,920075081.0,920075081.0,0,1,1,False,180.0,0.0,1.0,912489501.6666666,8747500.017934343
31,2024-01-23 06:00:00,914832555.0,914832555.0,6,1,1,False,186.0,1.0,6.123233995736766e-17,913075265.0,7237746.825259364
32,2024-01-23 12:00:00,870529884.0,870529884.0,12,1,1,False,192.0,1.2246467991473532e-16,-1.0,902089540.25,22230360.11151897
33,2024-01-23 18:00:00,905398062.0,905398062.0,18,1,1,False,198.0,-1.0,-1.8369701987210297e-16,902708895.5,22295649.172534417
34,2024-01-24 00:00:00,,,0,2,2,False,204.0,0.0,1.0,896920167.0,23336402.725287985
35,2024-01-24 06:00:00,799408898.5,799408898.5,6,2,2,False,210.0,1.0,6.123233995736766e-17,858445614.8333334,54018032.78375447
36,2024-01-24 12:00:00,871183277.0,871183277.0,12,2,2,False,216.0,1.2246467991473532e-16,-1.0,858663412.5,54092383.47661531
37,2024-01-24 18:00:00,,,18,2,2,False,222.0,-1.0,-1.8369701987210297e-16,835296087.75,50752149.75279997
38,2024-01-25 00:00:00,894176894.0,894176894.0,0,3,3,False,228.0,0.0,1.0,854923023.1666666,49432177.109807044
39,2024-01-25 06:00:00,885914241.5,885914241.5,6,3,3,False,234.0,1.0,6.123233995736766e-17,883758137.5,11647454.40127537
40,2024-01-25 12:00:00,,,12,3,3,False,240.0,1.2246467991473532e-16,-1.0,890045567.75,5842577.613338793
41,2024-01-25 18:00:00,879487701.5,879487701.5,18,3,3,False,246.0,-1.0,-1.8369701987210297e-16,886526279.0,7363697.203278629
42,2024-01-26 00:00:00,886152685.0,886152685.0,0,4,4,False,252.0,0.0,1.0,883851542.6666666,3781077.3757751775
43,2024-01-26 06:00:00,873830370.0,873830370.0,6,4,4,False,258.0,1.0,6.123233995736766e-17,879823585.5,6168020.370094688
44,2024-01-26 12:00:00,911004149.0,911004149.0,12,4,4,False,264.0,1.2246467991473532e-16,-1.0,887618726.375,16383524.302430121
45,2024-01-26 18:00:00,902912497.5,902912497.5,18,4,4,False,270.0,-1.0,-1.8369701987210297e-16,893474925.375,16691966.216322612
46,2024-01-27 00:00:00,,,0,5,5,True,276.0,0.0,1.0,895915672.1666666,19549658.177167613
47,2024-01-27 06:00:00,855321347.0,855321347.0,6,5,5,True,282.0,1.0,6.123233995736766e-17,889745997.8333334,30085896.11008882
48,2024-01-27 12:00:00,913289740.0,913289740.0,12,5,5,True,288.0,1.2246467991473532e-16,-1.0,890507861.5,30910999.538513657
49,2024-01-27 18:00:00,919690871.5,919690871.5,18,5,5,True,294.0,-1.0,-1.8369701987210297e-16,896100652.8333334,35460646.62843136
50,2024-01-28 00:00:00,,,0,6,6,True,300.0,0.0,1.0,896100652.8333334,35460646.62843136
51,2024-01-28 06:00:00,827038137.0,827038137.0,6,6,6,True,306.0,1.0,6.123233995736766e-17,886672916.1666666,51744311.627587646
52,2024-01-28 12:00:00,883636674.0,883636674.0,12,6,6,True,312.0,1.2246467991473532e-16,-1.0,876788560.8333334,46704440.8278215
53,2024-01-28 18:00:00,905500566.0,905500566.0,18,6,6,True,318.0,-1.0,-1.8369701987210297e-16,872058459.0,40492338.63442173
54,2024-01-29 00:00:00,890663482.0,890663482.0,0,0,0,False,324.0,0.0,1.0,876709714.75,34345640.85291496
55,2024-01-29 06:00:00,872761533.0,872761533.0,6,0,0,False,330.0,1.0,6.123233995736766e-17,888140563.75,13717803.569398355
56,2024-01-29 12:00:00,891459919.5,891459919.5,12,0,0,False,336.0,1.2246467991473532e-16,-1.0,890096375.125,13415994.328690661
57,2024-01-29 18:00:00,886203430.0,886203430.0,18,0,0,False,342.0,-1.0,-1.8369701987210297e-16,885272091.125,8655205.991474813
58,2024-01-30 00:00:00,913363129.0,913363129.0,0,1,1,False,348.0,0.0,1.0,890947002.875,16891404.047730736
59,2024-01-30 06:00:00,888510429.0,888510429.0,6,1,1,False,354.0,1.0,6.123233995736766e-17,894884226.875,12505695.215649804
60,2024-01-30 12:00:00,,,12,1,1,False,360.0,1.2246467991473532e-16,-1.0,896025662.6666666,15058929.750852263
61,2024-01-30 18:00:00,,,18,1,1,False,366.0,-1.0,-1.8369701987210297e-16,900936779.0,17573512.700795103
62,2024-01-31 00:00:00,,,0,2,2,False,372.0,0.0,1.0,888510429.0,0.0
63,2024-01-31 06:00:00,,,6,2,2,False,378.0,1.0,6.123233995736766e-17,,0.0
64,2024-01-31 12:00:00,,,12,2,2,False,384.0,1.2246467991473532e-16,-1.0,,0.0
65,2024-01-31 18:00:00,,,18,2,2,False,390.0,-1.0,-1.8369701987210297e-16,,0.0
66,2024-02-01 00:00:00,,,0,3,3,False,396.0,0.0,1.0,,0.0
67,2024-02-01 06:00:00,,,6,3,3,False,402.0,1.0,6.123233995736766e-17,,0.0
68,2024-02-01 12:00:00,922801708.0,922801708.0,12,3,3,False,408.0,1.2246467991473532e-16,-1.0,922801708.0,0.0
69,2024-02-01 18:00:00,908381979.0,908381979.0,18,3,3,False,414.0,-1.0,-1.8369701987210297e-16,915591843.5,10196288.158772314
70,2024-02-02 00:00:00,759170086.0,759170086.0,0,4,4,False,420.0,0.0,1.0,863451257.6666666,90597484.61871311
71,2024-02-02 06:00:00,,,6,4,4,False,426.0,1.0,6.123233995736766e-17,863451257.6666666,90597484.61871311
72,2024-02-02 12:00:00,,,12,4,4,False,432.0,1.2246467991473532e-16,-1.0,833776032.5,105508741.37398149
73,2024-02-02 18:00:00,915618165.0,915618165.0,18,4,4,False,438.0,-1.0,-1.8369701987210297e-16,837394125.5,110625497.56450865
74,2024-02-03 00:00:00,932086197.0,932086197.0,0,5,5,True,444.0,0.0,1.0,923852181.0,11644657.099996634
75,2024-02-03 06:00:00,915937501.0,915937501.0,6,5,5,True,450.0,1.0,6.123233995736766e-17,921213954.3333334,9416992.052793955
76,2024-02-03 12:00:00,914525252.0,914525252.0,12,5,5,True,456.0,1.2246467991473532e-16,-1.0,919541778.75,8384778.526646232
77,2024-02-03 18:00:00,922434013.0,922434013.0,18,5,5,True,462.0,-1.0,-1.8369701987210297e-16,921245740.75,8005620.128606138
78,2024-02-04 00:00:00,,,0,6,6,True,468.0,0.0,1.0,917632255.3333334,4217969.811003845
79,2024-02-04 06:00:00,881280546.0,881280546.0,6,6,6,True,474.0,1.0,6.123233995736766e-17,906079937.0,21837913.604942586
80,2024-02-04 12:00:00,,,12,6,6,True,480.0,1.2246467991473532e-16,-1.0,901857279.5,29099895.585036647
81,2024-02-04 18:00:00,901409845.0,901409845.0,18,6,6,True,486.0,-1.0,-1.8369701987210297e-16,891345195.5,14233563.82343127
82,2024-02-05 00:00:00,,,0,0,0,False,492.0,0.0,1.0,891345195.5,14233563.82343127
83,2024-02-05 06:00:00,,,6,0,0,False,498.0,1.0,6.123233995736766e-17,901409845.0,0.0
84,2024-02-05 12:00:00,,,12,0,0,False,504.0,1.2246467991473532e-16,-1.0,901409845.0,0.0
85,2024-02-05 18:00:00,875669013.0,875669013.0,18,0,0,False,510.0,-1.0,-1.8369701987210297e-16,875669013.0,0.0
86,2024-02-06 00:00:00,,,0,1,1,False,516.0,0.0,1.0,875669013.0,0.0
87,2024-02-06 06:00:00,917818985.0,917818985.0,6,1,1,False,522.0,1.0,6.123233995736766e-17,896743999.0,29804531.028023105
88,2024-02-06 12:00:00,,,12,1,1,False,528.0,1.2246467991473532e-16,-1.0,896743999.0,29804531.028023105
89,2024-02-06 18:00:00,922065582.0,922065582.0,18,1,1,False,534.0,-1.0,-1.8369701987210297e-16,919942283.5,3002797.535666449
90,2024-02-07 00:00:00,,,0,2,2,False,540.0,0.0,1.0,919942283.5,3002797.535666449
91,2024-02-07 06:00:00,935639793.0,935639793.0,6,2,2,False,546.0,1.0,6.123233995736766e-17,928852687.5,9598416.647357026
92,2024-02-07 12:00:00,919131406.0,919131406.0,12,2,2,False,552.0,1.2246467991473532e-16,-1.0,925612260.3333334,8807150.829612521
93,2024-02-07 18:00:00,917504917.0,917504917.0,18,2,2,False,558.0,-1.0,-1.8369701987210297e-16,924092038.6666666,10033660.310377477
94,2024-02-08 00:00:00,,,0,3,3,False,564.0,0.0,1.0,924092038.6666666,10033660.310377477
95,2024-02-08 06:00:00,921120573.0,921120573.0,6,3,3,False,570.0,1.0,6.123233995736766e-17,919252298.6666666,1810857.077525433
96,2024-02-08 12:00:00,922329986.0,922329986.0,12,3,3,False,576.0,1.2246467991473532e-16,-1.0,920318492.0,2510542.4038662687
97,2024-02-08 18:00:00,916961685.5,916961685.5,18,3,3,False,582.0,-1.0,-1.8369701987210297e-16,920137414.8333334,2815956.7734763436
98,2024-02-09 00:00:00,920601165.0,920601165.0,0,4,4,False,588.0,0.0,1.0,920253352.375,2310881.741023478
99,2024-02-09 06:00:00,910054567.5,910054567.5,6,4,4,False,594.0,1.0,6.123233995736766e-17,917486851.0,5436590.388150256
100,2024-02-09 12:00:00,,,12,4,4,False,600.0,1.2246467991473532e-16,-1.0,915872472.6666666,5357001.787751695
101,2024-02-09 18:00:00,895092299.5,895092299.5,18,4,4,False,606.0,-1.0,-1.8369701987210297e-16,908582677.3333334,12817971.769017134
102,2024-02-10 00:00:00,921540833.0,921540833.0,0,5,5,True,612.0,0.0,1.0,908895900.0,13262281.62334156
103,2024-02-10 06:00:00,931922152.0,931922152.0,6,5,5,True,618.0,1.0,6.123233995736766e-17,916185094.8333334,18990062.066127025
104,2024-02-10 12:00:00,924698473.5,924698473.5,12,5,5,True,624.0,1.2246467991473532e-16,-1.0,918313439.5,16079004.18550285
105,2024-02-10 18:00:00,934986831.5,934986831.5,18,5,5,True,630.0,-1.0,-1.8369701987210297e-16,928287072.5,6231381.970947867
106,2024-02-11 00:00:00,,,0,6,6,True,636.0,0.0,1.0,930535819.0,5282425.292818412
107,2024-02-11 06:00:00,931079316.0,931079316.0,6,6,6,True,642.0,1.0,6.123233995736766e-17,930254873.6666666,5193491.740128702
108,2024-02-11 12:00:00,917609454.0,917609454.0,12,6,6,True,648.0,1.2246467991473532e-16,-1.0,927891867.1666666,9116643.282656996
109,2024-02-11 18:00:00,919631900.0,919631900.0,18,6,6,True,654.0,-1.0,-1.8369701987210297e-16,922773556.6666666,7263731.859944229
110,2024-02-12 00:00:00,842846821.0,842846821.0,0,0,0,False,660.0,0.0,1.0,902791872.75,40401055.70738319
111,2024-02-12 06:00:00,755712048.0,755712048.0,6,0,0,False,666.0,1.0,6.123233995736766e-17,858950055.75,77547000.02414885
112,2024-02-12 12:00:00,931138281.0,931138281.0,12,0,0,False,672.0,1.2246467991473532e-16,-1.0,862332262.5,81168691.02868354
113,2024-02-12 18:00:00,917403270.0,917403270.0,18,0,0,False,678.0,-1.0,-1.8369701987210297e-16,861775105.0,80650263.32142195
114,2024-02-13 00:00:00,909536595.0,909536595.0,0,1,1,False,684.0,0.0,1.0,878447548.5,82309159.92815699
115,2024-02-13 06:00:00,931399820.0,931399820.0,6,1,1,False,690.0,1.0,6.123233995736766e-17,922369491.5,10767003.462430807
116,2024-02-13 12:00:00,919128879.0,919128879.0,12,1,1,False,696.0,1.2246467991473532e-16,-1.0,919367141.0,9043202.91085033
117,2024-02-13 18:00:00,924114372.0,924114372.0,18,1,1,False,702.0,-1.0,-1.8369701987210297e-16,921044916.5,9178929.621866863
118,2024-02-14 00:00:00,917661561.0,917661561.0,0,2,2,False,708.0,0.0,1.0,923076158.0,6198389.833289613
119,2024-02-14 06:00:00,914099440.0,914099440.0,6,2,2,False,714.0,1.0,6.123233995736766e-17,918751063.0,4152607.1931363833
120,2024-02-14 12:00:00,920858384.0,920858384.0,12,2,2,False,720.0,1.2246467991473532e-16,-1.0,919183439.25,4292734.151345844
121,2024-02-14 18:00:00,,,18,2,2,False,726.0,-1.0,-1.8369701987210297e-16,917539795.0,3381116.8595373956
122,2024-02-15 00:00:00,,,0,3,3,False,732.0,0.0,1.0,917478912.0,4779295.136059505
123,2024-02-15 06:00:00,,,6,3,3,False,738.0,1.0,6.123233995736766e-17,920858384.0,0.0
124,2024-02-15 12:00:00,,,12,3,3,False,744.0,1.2246467991473532e-16,-1.0,,0.0
125,2024-02-15 18:00:00,931244303.0,931244303.0,18,3,3,False,750.0,-1.0,-1.8369701987210297e-16,931244303.0,0.0
126,2024-02-16 00:00:00,926993890.0,926993890.0,0,4,4,False,756.0,0.0,1.0,929119096.5,3005495.855143457
127,2024-02-16 06:00:00,931608698.0,931608698.0,6,4,4,False,762.0,1.0,6.123233995736766e-17,929948963.6666666,2565646.353373041
128,2024-02-16 12:00:00,933075353.0,933075353.0,12,4,4,False,768.0,1.2246467991473532e-16,-1.0,930730561.0,2613797.691663619
129,2024-02-16 18:00:00,925683124.0,925683124.0,18,4,4,False,774.0,-1.0,-1.8369701987210297e-16,929340266.25,3557940.723589643
130,2024-02-17 00:00:00,901358678.0,901358678.0,0,5,5,True,780.0,0.0,1.0,922931463.25,14732612.378580047
131,2024-02-17 06:00:00,934230935.0,934230935.0,6,5,5,True,786.0,1.0,6.123233995736766e-17,923587022.5,15295034.376052339
132,2024-02-17 12:00:00,,,12,5,5,True,792.0,1.2246467991473532e-16,-1.0,920424245.6666666,17055444.030048404
133,2024-02-17 18:00:00,,,18,5,5,True,798.0,-1.0,-1.8369701987210297e-16,917794806.5,23244195.83760692
134,2024-02-18 00:00:00,,,0,6,6,True,804.0,0.0,1.0,934230935.0,0.0
135,2024-02-18 06:00:00,,,6,6,6,True,810.0,1.0,6.123233995736766e-17,,0.0
136,2024-02-18 12:00:00,,,12,6,6,True,816.0,1.2246467991473532e-16,-1.0,,0.0
137,2024-02-18 18:00:00,,,18,6,6,True,822.0,-1.0,-1.8369701987210297e-16,,0.0
138,2024-02-19 00:00:00,,,0,0,0,False,828.0,0.0,1.0,,0.0
139,2024-02-19 06:00:00,,,6,0,0,False,834.0,1.0,6.123233995736766e-17,,0.0
140,2024-02-19 12:00:00,,,12,0,0,False,840.0,1.2246467991473532e-16,-1.0,,0.0
141,2024-02-19 18:00:00,,,18,0,0,False,846.0,-1.0,-1.8369701987210297e-16,,0.0
142,2024-02-20 00:00:00,,,0,1,1,False,852.0,0.0,1.0,,0.0
143,2024-02-20 06:00:00,,,6,1,1,False,858.0,1.0,6.123233995736766e-17,,0.0
144,2024-02-20 12:00:00,,,12,1,1,False,864.0,1.2246467991473532e-16,-1.0,,0.0
145,2024-02-20 18:00:00,,,18,1,1,False,870.0,-1.0,-1.8369701987210297e-16,,0.0
146,2024-02-21 00:00:00,,,0,2,2,False,876.0,0.0,1.0,,0.0
147,2024-02-21 06:00:00,,,6,2,2,False,882.0,1.0,6.123233995736766e-17,,0.0
148,2024-02-21 12:00:00,,,12,2,2,False,888.0,1.2246467991473532e-16,-1.0,,0.0
149,2024-02-21 18:00:00,,,18,2,2,False,894.0,-1.0,-1.8369701987210297e-16,,0.0
150,2024-02-22 00:00:00,,,0,3,3,False,900.0,0.0,1.0,,0.0
151,2024-02-22 06:00:00,,,6,3,3,False,906.0,1.0,6.123233995736766e-17,,0.0
152,2024-02-22 12:00:00,,,12,3,3,False,912.0,1.2246467991473532e-16,-1.0,,0.0
153,2024-02-22 18:00:00,,,18,3,3,False,918.0,-1.0,-1.8369701987210297e-16,,0.0
154,2024-02-23 00:00:00,,,0,4,4,False,924.0,0.0,1.0,,0.0
155,2024-02-23 06:00:00,,,6,4,4,False,930.0,1.0,6.123233995736766e-17,,0.0
156,2024-02-23 12:00:00,,,12,4,4,False,936.0,1.2246467991473532e-16,-1.0,,0.0
157,2024-02-23 18:00:00,,,18,4,4,False,942.0,-1.0,-1.8369701987210297e-16,,0.0
158,2024-02-24 00:00:00,,,0,5,5,True,948.0,0.0,1.0,,0.0
159,2024-02-24 06:00:00,,,6,5,5,True,954.0,1.0,6.123233995736766e-17,,0.0
160,2024-02-24 12:00:00,,,12,5,5,True,960.0,1.2246467991473532e-16,-1.0,,0.0
161,2024-02-24 18:00:00,,,18,5,5,True,966.0,-1.0,-1.8369701987210297e-16,,0.0
162,2024-02-25 00:00:00,,,0,6,6,True,972.0,0.0,1.0,,0.0
163,2024-02-25 06:00:00,,,6,6,6,True,978.0,1.0,6.123233995736766e-17,,0.0
164,2024-02-25 12:00:00,,,12,6,6,True,984.0,1.2246467991473532e-16,-1.0,,0.0
165,2024-02-25 18:00:00,,,18,6,6,True,990.0,-1.0,-1.8369701987210297e-16,,0.0
166,2024-02-26 00:00:00,,,0,0,0,False,996.0,0.0,1.0,,0.0
167,2024-02-26 06:00:00,,,6,0,0,False,1002.0,1.0,6.123233995736766e-17,,0.0
168,2024-02-26 12:00:00,,,12,0,0,False,1008.0,1.2246467991473532e-16,-1.0,,0.0
169,2024-02-26 18:00:00,,,18,0,0,False,1014.0,-1.0,-1.8369701987210297e-16,,0.0
170,2024-02-27 00:00:00,909639770.0,909639770.0,0,1,1,False,1020.0,0.0,1.0,909639770.0,0.0
171,2024-02-27 06:00:00,917561888.0,917561888.0,6,1,1,False,1026.0,1.0,6.123233995736766e-17,913600829.0,5601783.35916001
172,2024-02-27 12:00:00,911478971.0,911478971.0,12,1,1,False,1032.0,1.2246467991473532e-16,-1.0,912893543.0,4146172.7965521407
173,2024-02-27 18:00:00,921125179.0,921125179.0,18,1,1,False,1038.0,-1.0,-1.8369701987210297e-16,914951452.0,5329207.919416356
174,2024-02-28 00:00:00,,,0,2,2,False,1044.0,0.0,1.0,916722012.6666666,4877640.323606532
175,2024-02-28 06:00:00,,,6,2,2,False,1050.0,1.0,6.123233995736766e-17,916302075.0,6820899.089535936
176,2024-02-28 12:00:00,915985350.0,915985350.0,12,2,2,False,1056.0,1.2246467991473532e-16,-1.0,918555264.5,3634407.940039293
177,2024-02-28 18:00:00,923586756.0,923586756.0,18,2,2,False,1062.0,-1.0,-1.8369701987210297e-16,919786053.0,5375005.729152124
178,2024-02-29 00:00:00,,,0,3,3,False,1068.0,0.0,1.0,919786053.0,5375005.729152124
179,2024-02-29 06:00:00,,,6,3,3,False,1074.0,1.0,6.123233995736766e-17,919786053.0,5375005.729152124
180,2024-02-29 12:00:00,918026232.0,918026232.0,12,3,3,False,1080.0,1.2246467991473532e-16,-1.0,920806494.0,3931884.227350566
181,2024-02-29 18:00:00,913760134.0,913760134.0,18,3,3,False,1086.0,-1.0,-1.8369701987210297e-16,915893183.0,3016586.8250063937
182,2024-03-01 00:00:00,,,0,4,4,False,1092.0,0.0,1.0,915893183.0,3016586.8250063937
183,2024-03-01 06:00:00,922102403.0,922102403.0,6,4,4,False,1098.0,1.0,6.123233995736766e-17,917962923.0,4171494.820708888
184,2024-03-01 12:00:00,,,12,4,4,False,1104.0,1.2246467991473532e-16,-1.0,917931268.5,5898874.980382332
185,2024-03-01 18:00:00,916090162.0,916090162.0,18,4,4,False,1110.0,-1.0,-1.8369701987210297e-16,919096282.5,4251296.381227808
186,2024-03-02 00:00:00,,,0,5,5,True,1116.0,0.0,1.0,919096282.5,4251296.381227808
187,2024-03-02 06:00:00,,,6,5,5,True,1122.0,1.0,6.123233995736766e-17,916090162.0,0.0
188,2024-03-02 12:00:00,929010241.0,929010241.0,12,5,5,True,1128.0,1.2246467991473532e-16,-1.0,922550201.5,9135875.474365916
189,2024-03-02 18:00:00,830995565.0,830995565.0,18,5,5,True,1134.0,-1.0,-1.8369701987210297e-16,880002903.0,69306842.05540235
190,2024-03-03 00:00:00,,,0,6,6,True,1140.0,0.0,1.0,880002903.0,69306842.05540235
191,2024-03-03 06:00:00,934860129.0,934860129.0,6,6,6,True,1146.0,1.0,6.123233995736766e-17,898288645.0,58350871.96707463
192,2024-03-03 12:00:00,916856104.0,916856104.0,12,6,6,True,1152.0,1.2246467991473532e-16,-1.0,894237266.0,55503790.754147656
193,2024-03-03 18:00:00,918790686.5,918790686.5,18,6,6,True,1158.0,-1.0,-1.8369701987210297e-16,923502306.5,9883610.237077137
194,2024-03-04 00:00:00,,,0,0,0,False,1164.0,0.0,1.0,923502306.5,9883610.237077137
195,2024-03-04 06:00:00,,,6,0,0,False,1170.0,1.0,6.123233995736766e-17,917823395.25,1367956.4045146413
196,2024-03-04 12:00:00,,,12,0,0,False,1176.0,1.2246467991473532e-16,-1.0,918790686.5,0.0
197,2024-03-04 18:00:00,910580120.0,910580120.0,18,0,0,False,1182.0,-1.0,-1.8369701987210297e-16,910580120.0,0.0
198,2024-03-05 00:00:00,901565689.0,901565689.0,0,1,1,False,1188.0,0.0,1.0,906072904.5,6374165.28863823
199,2024-03-05 06:00:00,921437311.0,921437311.0,6,1,1,False,1194.0,1.0,6.123233995736766e-17,911194373.3333334,9950041.235887118
200,2024-03-05 12:00:00,906232940.0,906232940.0,12,1,1,False,1200.0,1.2246467991473532e-16,-1.0,909954015.0,8494478.73096679
201,2024-03-05 18:00:00,,,18,1,1,False,1206.0,-1.0,-1.8369701987210297e-16,909745313.3333334,10391001.638545444
202,2024-03-06 00:00:00,918786933.0,918786933.0,0,2,2,False,1212.0,0.0,1.0,915485728.0,8121988.070382062
203,2024-03-06 06:00:00,922039413.0,922039413.0,6,2,2,False,1218.0,1.0,6.123233995736766e-17,915686428.6666666,8346915.149664339
204,2024-03-06 12:00:00,883321084.0,883321084.0,12,2,2,False,1224.0,1.2246467991473532e-16,-1.0,908049143.3333334,21476786.19654815
205,2024-03-06 18:00:00,886202440.5,886202440.5,18,2,2,False,1230.0,-1.0,-1.8369701987210297e-16,902587467.625,20659650.76488035
206,2024-03-07 00:00:00,901513531.0,901513531.0,0,3,3,False,1236.0,0.0,1.0,898269117.125,17744497.423668705
207,2024-03-07 06:00:00,,,6,3,3,False,1242.0,1.0,6.123233995736766e-17,890345685.1666666,9778350.537685247
208,2024-03-07 12:00:00,,,12,3,3,False,1248.0,1.2246467991473532e-16,-1.0,893857985.75,10826575.91991102
209,2024-03-07 18:00:00,924194015.6666666,924194015.6666666,18,3,3,False,1254.0,-1.0,-1.8369701987210297e-16,912853773.3333333,16037524.50839759
210,2024-03-08 00:00:00,,,0,4,4,False,1260.0,0.0,1.0,924194015.6666666,0.0
211,2024-03-08 06:00:00,915373239.5,915373239.5,6,4,4,False,1266.0,1.0,6.123233995736766e-17,919783627.5833333,6237230.642779054
212,2024-03-08 12:00:00,,,12,4,4,False,1272.0,1.2246467991473532e-16,-1.0,919783627.5833333,6237230.642779054
213,2024-03-08 18:00:00,929622298.5,929622298.5,18,4,4,False,1278.0,-1.0,-1.8369701987210297e-16,922497769.0,10075606.244427444
214,2024-03-09 00:00:00,,,0,5,5,True,1284.0,0.0,1.0,922497769.0,10075606.244427444
215,2024-03-09 06:00:00,924038904.5,924038904.5,6,5,5,True,1290.0,1.0,6.123233995736766e-17,926830601.5,3948055.759436892
216,2024-03-09 12:00:00,932552091.0,932552091.0,12,5,5,True,1296.0,1.2246467991473532e-16,-1.0,928737764.6666666,4324972.389817257
217,2024-03-09 18:00:00,917479642.5,917479642.5,18,5,5,True,1302.0,-1.0,-1.8369701987210297e-16,924690212.6666666,7557302.937706372
218,2024-03-10 00:00:00,,,0,6,6,True,1308.0,0.0,1.0,924690212.6666666,7557302.937706372
219,2024-03-10 06:00:00,,,6,6,6,True,1314.0,1.0,6.123233995736766e-17,925015866.75,10657830.543435222
220,2024-03-10 12:00:00,922226188.0,922226188.0,12,6,6,True,1320.0,1.2246467991473532e-16,-1.0,919852915.25,3356314.510261176
221,2024-03-10 18:00:00,818333014.0,818333014.0,18,6,6,True,1326.0,-1.0,-1.8369701987210297e-16,870279601.0,73463567.85439394
222,2024-03-11 00:00:00,,,0,0,0,False,1332.0,0.0,1.0,870279601.0,73463567.85439394
223,2024-03-11 06:00:00,,,6,0,0,False,1338.0,1.0,6.123233995736766e-17,870279601.0,73463567.85439394
224,2024-03-11 12:00:00,923870699.0,923870699.0,12,0,0,False,1344.0,1.2246467991473532e-16,-1.0,871101856.5,74626412.7342298
225,2024-03-11 18:00:00,923538889.0,923538889.0,18,0,0,False,1350.0,-1.0,-1.8369701987210297e-16,923704794.0,234625.10107616364
226,2024-03-12 00:00:00,,,0,1,1,False,1356.0,0.0,1.0,923704794.0,234625.10107616364
227,2024-03-12 06:00:00,857560128.0,857560128.0,6,1,1,False,1362.0,1.0,6.123233995736766e-17,901656572.0,38189001.09393907
228,2024-03-12 12:00:00,922852046.0,922852046.0,12,1,1,False,1368.0,1.2246467991473532e-16,-1.0,901317021.0,37896137.03382908
229,2024-03-12 18:00:00,,,18,1,1,False,1374.0,-1.0,-1.8369701987210297e-16,890206087.0,46168357.974476054
230,2024-03-13 00:00:00,,,0,2,2,False,1380.0,0.0,1.0,890206087.0,46168357.974476054
231,2024-03-13 06:00:00,917349373.0,917349373.0,6,2,2,False,1386.0,1.0,6.123233995736766e-17,920100709.5,3890977.3929527653
232,2024-03-13 12:00:00,,,12,2,2,False,1392.0,1.2246467991473532e-16,-1.0,917349373.0,0.0
233,2024-03-13 18:00:00,,,18,2,2,False,1398.0,-1.0,-1.8369701987210297e-16,917349373.0,0.0
234,2024-03-14 00:00:00,,,0,3,3,False,1404.0,0.0,1.0,917349373.0,0.0
235,2024-03-14 06:00:00,922541085.0,922541085.0,6,3,3,False,1410.0,1.0,6.123233995736766e-17,922541085.0,0.0
236,2024-03-14 12:00:00,914605980.5,914605980.5,12,3,3,False,1416.0,1.2246467991473532e-16,-1.0,918573532.75,5610966.201373888
237,2024-03-14 18:00:00,920393244.0,920393244.0,18,3,3,False,1422.0,-1.0,-1.8369701987210297e-16,919180103.1666666,4104297.000413788
238,2024-03-15 00:00:00,,,0,4,4,False,1428.0,0.0,1.0,919180103.1666666,4104297.000413788
239,2024-03-15 06:00:00,,,6,4,4,False,1434.0,1.0,6.123233995736766e-17,917499612.25,4092213.2653633775
240,2024-03-15 12:00:00,921859979.0,921859979.0,12,4,4,False,1440.0,1.2246467991473532e-16,-1.0,921126611.5,1037138.2647035887
241,2024-03-15 18:00:00,916479848.0,916479848.0,18,4,4,False,1446.0,-1.0,-1.8369701987210297e-16,919169913.5,3804327.1137719443
242,2024-03-16 00:00:00,,,0,5,5,True,1452.0,0.0,1.0,919169913.5,3804327.1137719443
243,2024-03-16 06:00:00,916561656.0,916561656.0,6,5,5,True,1458.0,1.0,6.123233995736766e-17,918300494.3333334,3082875.5174986096
244,2024-03-16 12:00:00,929616726.0,929616726.0,12,5,5,True,1464.0,1.2246467991473532e-16,-1.0,920886076.6666666,7561074.756503978
245,2024-03-16 18:00:00,928150526.0,928150526.0,18,5,5,True,1470.0,-1.0,-1.8369701987210297e-16,924776302.6666666,7151765.551500826
246,2024-03-17 00:00:00,909640043.0,909640043.0,0,6,6,True,1476.0,0.0,1.0,920992237.75,9559031.829110406
247,2024-03-17 06:00:00,919969579.0,919969579.0,6,6,6,True,1482.0,1.0,6.123233995736766e-17,921844218.5,9176737.982745169
248,2024-03-17 12:00:00,933269674.0,933269674.0,12,6,6,True,1488.0,1.2246467991473532e-16,-1.0,922757455.5,10318764.675485171
249,2024-03-17 18:00:00,870354169.0,870354169.0,18,6,6,True,1494.0,-1.0,-1.8369701987210297e-16,908308366.25,27088406.002380263
250,2024-03-18 00:00:00,917985360.0,917985360.0,0,0,0,False,1500.0,0.0,1.0,910394695.5,27542724.29858019
251,2024-03-18 06:00:00,902186874.0,902186874.0,6,0,0,False,1506.0,1.0,6.123233995736766e-17,905949019.25,26909965.786060452
252,2024-03-18 12:00:00,,,12,0,0,False,1512.0,1.2246467991473532e-16,-1.0,896842134.3333334,24261229.783297293
253,2024-03-18 18:00:00,,,18,0,0,False,1518.0,-1.0,-1.8369701987210297e-16,910086117.0,11171216.58308078
254,2024-03-19 00:00:00,918500927.0,918500927.0,0,1,1,False,1524.0,0.0,1.0,910343900.5,11535777.504936783
255,2024-03-19 06:00:00,891539371.0,891539371.0,6,1,1,False,1530.0,1.0,6.123233995736766e-17,905020149.0,19064699.078940872
256,2024-03-19 12:00:00,,,12,1,1,False,1536.0,1.2246467991473532e-16,-1.0,905020149.0,19064699.078940872
257,2024-03-19 18:00:00,,,18,1,1,False,1542.0,-1.0,-1.8369701987210297e-16,905020149.0,19064699.078940872
258,2024-03-20 00:00:00,,,0,2,2,False,1548.0,0.0,1.0,891539371.0,0.0
259,2024-03-20 06:00:00,,,6,2,2,False,1554.0,1.0,6.123233995736766e-17,,0.0
260,2024-03-20 12:00:00,920809270.0,920809270.0,12,2,2,False,1560.0,1.2246467991473532e-16,-1.0,920809270.0,0.0
261,2024-03-20 18:00:00,927336701.0,927336701.0,18,2,2,False,1566.0,-1.0,-1.8369701987210297e-16,924072985.5,4615590.723827288
262,2024-03-21 00:00:00,,,0,3,3,False,1572.0,0.0,1.0,924072985.5,4615590.723827288
263,2024-03-21 06:00:00,920417249.5,920417249.5,6,3,3,False,1578.0,1.0,6.123233995736766e-17,922854406.8333334,3886726.2272387613
264,2024-03-21 12:00:00,921995628.0,921995628.0,12,3,3,False,1584.0,1.2246467991473532e-16,-1.0,923249859.5,3626227.3449009317
265,2024-03-21 18:00:00,921595243.0,921595243.0,18,3,3,False,1590.0,-1.0,-1.8369701987210297e-16,921336040.1666666,820493.2991326638
266,2024-03-22 00:00:00,,,0,4,4,False,1596.0,0.0,1.0,921336040.1666666,820493.2991326638
267,2024-03-22 06:00:00,,,6,4,4,False,1602.0,1.0,6.123233995736766e-17,921795435.5,283114.9485855414
268,2024-03-22 12:00:00,,,12,4,4,False,1608.0,1.2246467991473532e-16,-1.0,921595243.0,0.0
269,2024-03-22 18:00:00,920860686.0,920860686.0,18,4,4,False,1614.0,-1.0,-1.8369701987210297e-16,920860686.0,0.0
270,2024-03-23 00:00:00,919760553.0,919760553.0,0,5,5,True,1620.0,0.0,1.0,920310619.5,777911.5045071001
271,2024-03-23 06:00:00,910848684.0,910848684.0,6,5,5,True,1626.0,1.0,6.123233995736766e-17,917156641.0,5490474.869244827
272,2024-03-23 12:00:00,926156199.0,926156199.0,12,5,5,True,1632.0,1.2246467991473532e-16,-1.0,919406530.5,6351762.530356987
273,2024-03-23 18:00:00,,,18,5,5,True,1638.0,-1.0,-1.8369701987210297e-16,918921812.0,7688147.938067854
274,2024-03-24 00:00:00,,,0,6,6,True,1644.0,0.0,1.0,918502441.5,10824047.659614794
275,2024-03-24 06:00:00,921563219.0,921563219.0,6,6,6,True,1650.0,1.0,6.123233995736766e-17,923859709.0,3247727.303854189
276,2024-03-24 12:00:00,918451529.0,918451529.0,12,6,6,True,1656.0,1.2246467991473532e-16,-1.0,920007374.0,2200297.099950368
277,2024-03-24 18:00:00,917138855.0,917138855.0,18,6,6,True,1662.0,-1.0,-1.8369701987210297e-16,919051201.0,2272323.4984948775
278,2024-03-25 00:00:00,,,0,0,0,False,1668.0,0.0,1.0,919051201.0,2272323.4984948775
279,2024-03-25 06:00:00,,,6,0,0,False,1674.0,1.0,6.123233995736766e-17,917795192.0,928200.6868872701
280,2024-03-25 12:00:00,,,12,0,0,False,1680.0,1.2246467991473532e-16,-1.0,917138855.0,0.0
281,2024-03-25 18:00:00,924872996.5,924872996.5,18,0,0,False,1686.0,-1.0,-1.8369701987210297e-16,924872996.5,0.0
282,2024-03-26 00:00:00,,,0,1,1,False,1692.0,0.0,1.0,924872996.5,0.0
283,2024-03-26 06:00:00,,,6,1,1,False,1698.0,1.0,6.123233995736766e-17,924872996.5,0.0
284,2024-03-26 12:00:00,910767124.5,910767124.5,12,1,1,False,1704.0,1.2246467991473532e-16,-1.0,917820060.5,9974357.745749447
285,2024-03-26 18:00:00,,,18,1,1,False,1710.0,-1.0,-1.8369701987210297e-16,910767124.5,0.0
286,2024-03-27 00:00:00,894123929.0,894123929.0,0,2,2,False,1716.0,0.0,1.0,902445526.75,11768516.398663433
287,2024-03-27 06:00:00,919291175.0,919291175.0,6,2,2,False,1722.0,1.0,6.123233995736766e-17,908060742.8333334,12800036.878867997
288,2024-03-27 12:00:00,921493459.3333334,921493459.3333334,12,2,2,False,1728.0,1.2246467991473532e-16,-1.0,911636187.7777778,15205983.023011127
289,2024-03-27 18:00:00,916361242.0,916361242.0,18,2,2,False,1734.0,-1.0,-1.8369701987210297e-16,912817451.3333334,12638412.907276109
290,2024-03-28 00:00:00,,,0,3,3,False,1740.0,0.0,1.0,919048625.4444445,2574691.516340471
291,2024-03-28 06:00:00,828196758.0,828196758.0,6,3,3,False,1746.0,1.0,6.123233995736766e-17,888683819.7777778,52446147.57606771
292,2024-03-28 12:00:00,794327486.0,794327486.0,12,3,3,False,1752.0,1.2246467991473532e-16,-1.0,846295162.0,62997806.083841495
293,2024-03-28 18:00:00,917513588.0,917513588.0,18,3,3,False,1758.0,-1.0,-1.8369701987210297e-16,846679277.3333334,63638876.26418995
294,2024-03-29 00:00:00,,,0,4,4,False,1764.0,0.0,1.0,846679277.3333334,63638876.26418995
295,2024-03-29 06:00:00,,,6,4,4,False,1770.0,1.0,6.123233995736766e-17,855920537.0,87105728.0721377
296,2024-03-29 12:00:00,919028111.0,919028111.0,12,4,4,False,1776.0,1.2246467991473532e-16,-1.0,918270849.5,1070929.483560659
297,2024-03-29 18:00:00,927127575.5,927127575.5,18,4,4,False,1782.0,-1.0,-1.8369701987210297e-16,923077843.25,5727186.271929273
298,2024-03-30 00:00:00,,,0,5,5,True,1788.0,0.0,1.0,923077843.25,5727186.271929273
299,2024-03-30 06:00:00,921757185.0,921757185.0,6,5,5,True,1794.0,1.0,6.123233995736766e-17,922637623.8333334,4120887.125500844
300,2024-03-30 12:00:00,920188082.0,920188082.0,12,5,5,True,1800.0,1.2246467991473532e-16,-1.0,923024280.8333334,3639133.3305158094
301,2024-03-30 18:00:00,920963886.0,920963886.0,18,5,5,True,1806.0,-1.0,-1.8369701987210297e-16,920969717.6666666,784567.7551377944
302,2024-03-31 00:00:00,,,0,6,6,True,1812.0,0.0,1.0,920969717.6666666,784567.7551377944
303,2024-03-31 06:00:00,919655282.0,919655282.0,6,6,6,True,1818.0,1.0,6.123233995736766e-17,920269083.3333334,658051.6842945947
304,2024-03-31 12:00:00,920912209.3333334,920912209.3333334,12,6,6,True,1824.0,1.2246467991473532e-16,-1.0,920510459.1111112,741055.6915599022
305,2024-03-31 18:00:00,922329294.0,922329294.0,18,6,6,True,1830.0,-1.0,-1.8369701987210297e-16,920965595.1111112,1337805.1334126552
306,2024-04-01 00:00:00,,,0,0,0,False,1836.0,0.0,1.0,920965595.1111112,1337805.1334126552
307,2024-04-01 06:00:00,908490743.0,908490743.0,6,0,0,False,1842.0,1.0,6.123233995736766e-17,917244082.1111112,7613654.932665663
308,2024-04-01 12:00:00,915506798.0,915506798.0,12,0,0,False,1848.0,1.2246467991473532e-16,-1.0,915442278.3333334,6919501.104518912
309,2024-04-01 18:00:00,919971279.0,919971279.0,18,0,0,False,1854.0,-1.0,-1.8369701987210297e-16,914656273.3333334,5787332.793980184
310,2024-04-02 00:00:00,,,0,1,1,False,1860.0,0.0,1.0,914656273.3333334,5787332.793980184
311,2024-04-02 06:00:00,,,6,1,1,False,1866.0,1.0,6.123233995736766e-17,917739038.5,3156864.7895778567
312,2024-04-02 12:00:00,918426414.5,918426414.5,12,1,1,False,1872.0,1.2246467991473532e-16,-1.0,919198846.75,1092384.1639625093
313,2024-04-02 18:00:00,915100190.0,915100190.0,18,1,1,False,1878.0,-1.0,-1.8369701987210297e-16,916763302.25,2351995.8996979715
314,2024-04-03 00:00:00,,,0,2,2,False,1884.0,0.0,1.0,916763302.25,2351995.8996979715
315,2024-04-03 06:00:00,922383429.0,922383429.0,6,2,2,False,1890.0,1.0,6.123233995736766e-17,918636677.8333334,3646169.3028144543
316,2024-04-03 12:00:00,913527763.0,913527763.0,12,2,2,False,1896.0,1.2246467991473532e-16,-1.0,917003794.0,4724773.668388662
317,2024-04-03 18:00:00,921333421.0,921333421.0,18,2,2,False,1902.0,-1.0,-1.8369701987210297e-16,919081537.6666666,4838278.514729722
318,2024-04-04 00:00:00,917979026.0,917979026.0,0,3,3,False,1908.0,0.0,1.0,918805909.75,3988714.3690476906
319,2024-04-04 06:00:00,920415088.0,920415088.0,6,3,3,False,1914.0,1.0,6.123233995736766e-17,918313824.5,3490546.568310129
320,2024-04-04 12:00:00,919711113.0,919711113.0,12,3,3,False,1920.0,1.2246467991473532e-16,-1.0,919859662.0,1418840.1603010907
321,2024-04-04 18:00:00,921859438.0,921859438.0,18,3,3,False,1926.0,-1.0,-1.8369701987210297e-16,919991166.25,1612171.1230999876
322,2024-04-05 00:00:00,,,0,4,4,False,1932.0,0.0,1.0,920661879.6666666,1095219.0061609645
323,2024-04-05 06:00:00,,,6,4,4,False,1938.0,1.0,6.123233995736766e-17,920785275.5,1519095.1756911974
324,2024-04-05 12:00:00,912579251.0,912579251.0,12,4,4,False,1944.0,1.2246467991473532e-16,-1.0,917219344.5,6562083.1583789205
325,2024-04-05 18:00:00,919158286.5,919158286.5,18,4,4,False,1950.0,-1.0,-1.8369701987210297e-16,915868768.75,4652080.615716574
326,2024-04-06 00:00:00,,,0,5,5,True,1956.0,0.0,1.0,915868768.75,4652080.615716574
327,2024-04-06 06:00:00,919178504.0,919178504.0,6,5,5,True,1962.0,1.0,6.123233995736766e-17,916972013.8333334,3804257.637077227
328,2024-04-06 12:00:00,,,12,5,5,True,1968.0,1.2246467991473532e-16,-1.0,919168395.25,14295.931187016335
329,2024-04-06 18:00:00,919129476.0,919129476.0,18,5,5,True,1974.0,-1.0,-1.8369701987210297e-16,919153990.0,34668.031201366284
330,2024-04-07 00:00:00,,,0,6,6,True,1980.0,0.0,1.0,919153990.0,34668.031201366284
331,2024-04-07 06:00:00,924405327.0,924405327.0,6,6,6,True,1986.0,1.0,6.123233995736766e-17,921767401.5,3730590.0186292087
332,2024-04-07 12:00:00,909834037.0,909834037.0,12,6,6,True,1992.0,1.2246467991473532e-16,-1.0,917789613.3333334,7377468.8776143445
333,2024-04-07 18:00:00,920442129.0,920442129.0,18,6,6,True,1998.0,-1.0,-1.8369701987210297e-16,918227164.3333334,7533934.856498244
334,2024-04-08 00:00:00,,,0,0,0,False,2004.0,0.0,1.0,918227164.3333334,7533934.856498244
335,2024-04-08 06:00:00,,,6,0,0,False,2010.0,1.0,6.123233995736766e-17,915138083.0,7501053.788650509
336,2024-04-08 12:00:00,923410776.5,923410776.5,12,0,0,False,2016.0,1.2246467991473532e-16,-1.0,921926452.75,2099150.778201576
337,2024-04-08 18:00:00,929195483.0,929195483.0,18,0,0,False,2022.0,-1.0,-1.8369701987210297e-16,926303129.75,4090405.193323429
338,2024-04-09 00:00:00,,,0,1,1,False,2028.0,0.0,1.0,926303129.75,4090405.193323429
339,2024-04-09 06:00:00,916772884.0,916772884.0,6,1,1,False,2034.0,1.0,6.123233995736766e-17,923126381.1666666,6216180.660816935
340,2024-04-09 12:00:00,921633495.0,921633495.0,12,1,1,False,2040.0,1.2246467991473532e-16,-1.0,922533954.0,6260060.805352363
341,2024-04-09 18:00:00,896901454.0,896901454.0,18,1,1,False,2046.0,-1.0,-1.8369701987210297e-16,911769277.6666666,13103263.72552456
342,2024-04-10 00:00:00,,,0,2,2,False,2052.0,0.0,1.0,911769277.6666666,13103263.72552456
343,2024-04-10 06:00:00,916667522.0,916667522.0,6,2,2,False,2058.0,1.0,6.123233995736766e-17,911734157.0,13083272.934317172
344,2024-04-10 12:00:00,920289306.0,920289306.0,12,2,2,False,2064.0,1.2246467991473532e-16,-1.0,911286094.0,12588396.672446465
345,2024-04-10 18:00:00,921259290.0,921259290.0,18,2,2,False,2070.0,-1.0,-1.8369701987210297e-16,919405372.6666666,2420141.9265792323
346,2024-04-11 00:00:00,,,0,3,3,False,2076.0,0.0,1.0,919405372.6666666,2420141.9265792323
347,2024-04-11 06:00:00,,,6,3,3,False,2082.0,1.0,6.123233995736766e-17,920774298.0,685882.264038642
348,2024-04-11 12:00:00,919208807.5,919208807.5,12,3,3,False,2088.0,1.2246467991473532e-16,-1.0,920234048.75,1449910.0804525425
349,2024-04-11 18:00:00,921064829.0,921064829.0,18,3,3,False,2094.0,-1.0,-1.8369701987210297e-16,920136818.25,1312405.3886760366
350,2024-04-12 00:00:00,,,0,4,4,False,2100.0,0.0,1.0,920136818.25,1312405.3886760366
351,2024-04-12 06:00:00,,,6,4,4,False,2106.0,1.0,6.123233995736766e-17,920136818.25,1312405.3886760366
352,2024-04-12 12:00:00,926559625.0,926559625.0,12,4,4,False,2112.0,1.2246467991473532e-16,-1.0,923812227.0,3885407.512836044
353,2024-04-12 18:00:00,918673484.0,918673484.0,18,4,4,False,2118.0,-1.0,-1.8369701987210297e-16,922616554.5,5576343.7784927925
354,2024-04-13 00:00:00,,,0,5,5,True,2124.0,0.0,1.0,922616554.5,5576343.7784927925
355,2024-04-13 06:00:00,,,6,5,5,True,2130.0,1.0,6.123233995736766e-17,922616554.5,5576343.7784927925
356,2024-04-13 12:00:00,932713248.0,932713248.0,12,5,5,True,2136.0,1.2246467991473532e-16,-1.0,925693366.0,9927612.330658505
357,2024-04-13 18:00:00,920494604.0,920494604.0,18,5,5,True,2142.0,-1.0,-1.8369701987210297e-16,926603926.0,8639886.02930402
358,2024-04-14 00:00:00,,,0,6,6,True,2148.0,0.0,1.0,926603926.0,8639886.02930402
359,2024-04-14 06:00:00,,,6,6,6,True,2154.0,1.0,6.123233995736766e-17,926603926.0,8639886.02930402
360,2024-04-14 12:00:00,,,12,6,6,True,2160.0,1.2246467991473532e-16,-1.0,920494604.0,0.0
361,2024-04-14 18:00:00,,,18,6,6,True,2166.0,-1.0,-1.8369701987210297e-16,,0.0
362,2024-04-15 00:00:00,,,0,0,0,False,2172.0,0.0,1.0,,0.0
363,2024-04-15 06:00:00,,,6,0,0,False,2178.0,1.0,6.123233995736766e-17,,0.0
364,2024-04-15 12:00:00,929271887.0,929271887.0,12,0,0,False,2184.0,1.2246467991473532e-16,-1.0,929271887.0,0.0
365,2024-04-15 18:00:00,916511747.0,916511747.0,18,0,0,False,2190.0,-1.0,-1.8369701987210297e-16,922891817.0,9022781.522889713
366,2024-04-16 00:00:00,,,0,1,1,False,2196.0,0.0,1.0,922891817.0,9022781.522889713
367,2024-04-16 06:00:00,920536811.0,920536811.0,6,1,1,False,2202.0,1.0,6.123233995736766e-17,922106815.0,6523340.986405049
368,2024-04-16 12:00:00,901363222.5,901363222.5,12,1,1,False,2208.0,1.2246467991473532e-16,-1.0,912803926.8333334,10110270.608796207
369,2024-04-16 18:00:00,920550117.0,920550117.0,18,1,1,False,2214.0,-1.0,-1.8369701987210297e-16,914150050.1666666,11073719.591681186
370,2024-04-17 00:00:00,930398187.0,930398187.0,0,2,2,False,2220.0,0.0,1.0,918212084.375,12155327.96906238
371,2024-04-17 06:00:00,,,6,2,2,False,2226.0,1.0,6.123233995736766e-17,917437175.5,14765672.84162434
372,2024-04-17 12:00:00,924477954.0,924477954.0,12,2,2,False,2232.0,1.2246467991473532e-16,-1.0,925142086.0,4957511.892703221
373,2024-04-17 18:00:00,,,18,2,2,False,2238.0,-1.0,-1.8369701987210297e-16,927438070.5,4186236.9005045868
374,2024-04-18 00:00:00,,,0,3,3,False,2244.0,0.0,1.0,924477954.0,0.0
375,2024-04-18 06:00:00,919184019.0,919184019.0,6,3,3,False,2250.0,1.0,6.123233995736766e-17,921830986.5,3743377.337661039
376,2024-04-18 12:00:00,908867363.0,908867363.0,12,3,3,False,2256.0,1.2246467991473532e-16,-1.0,914025691.0,7294977.416769003
377,2024-04-18 18:00:00,917820133.0,917820133.0,18,3,3,False,2262.0,-1.0,-1.8369701987210297e-16,915290505.0,5604249.380548021
378,2024-04-19 00:00:00,,,0,4,4,False,2268.0,0.0,1.0,915290505.0,5604249.380548021
379,2024-04-19 06:00:00,,,6,4,4,False,2274.0,1.0,6.123233995736766e-17,913343748.0,6330564.377403625
380,2024-04-19 12:00:00,915925425.0,915925425.0,12,4,4,False,2280.0,1.2246467991473532e-16,-1.0,916872779.0,1339760.8751690541
381,2024-04-19 18:00:00,,,18,4,4,False,2286.0,-1.0,-1.8369701987210297e-16,915925425.0,0.0
382,2024-04-20 00:00:00,,,0,5,5,True,2292.0,0.0,1.0,915925425.0,0.0
383,2024-04-20 06:00:00,,,6,5,5,True,2298.0,1.0,6.123233995736766e-17,915925425.0,0.0
384,2024-04-20 12:00:00,597753763.5,597753763.5,12,5,5,True,2304.0,1.2246467991473532e-16,-1.0,597753763.5,0.0
385,2024-04-20 18:00:00,905133111.0,905133111.0,18,5,5,True,2310.0,-1.0,-1.8369701987210297e-16,751443437.25,217350021.01394626
386,2024-04-21 00:00:00,,,0,6,6,True,2316.0,0.0,1.0,751443437.25,217350021.01394626
387,2024-04-21 06:00:00,922858108.0,922858108.0,6,6,6,True,2322.0,1.0,6.123233995736766e-17,808581660.8333334,182797280.06772533
388,2024-04-21 12:00:00,924374807.0,924374807.0,12,6,6,True,2328.0,1.2246467991473532e-16,-1.0,917455342.0,10698276.804100964
389,2024-04-21 18:00:00,920757117.0,920757117.0,18,6,6,True,2334.0,-1.0,-1.8369701987210297e-16,922663344.0,1816692.0475938541
390,2024-04-22 00:00:00,,,0,0,0,False,2340.0,0.0,1.0,922663344.0,1816692.0475938541
391,2024-04-22 06:00:00,,,6,0,0,False,2346.0,1.0,6.123233995736766e-17,922565962.0,2558093.131228318
392,2024-04-22 12:00:00,920022790.0,920022790.0,12,0,0,False,2352.0,1.2246467991473532e-16,-1.0,920389953.5,519247.60129633726
393,2024-04-22 18:00:00,935546255.0,935546255.0,18,0,0,False,2358.0,-1.0,-1.8369701987210297e-16,927784522.5,10976747.36901146
394,2024-04-23 00:00:00,,,0,1,1,False,2364.0,0.0,1.0,927784522.5,10976747.36901146
395,2024-04-23 06:00:00,,,6,1,1,False,2370.0,1.0,6.123233995736766e-17,927784522.5,10976747.36901146
396,2024-04-23 12:00:00,920804113.0,920804113.0,12,1,1,False,2376.0,1.2246467991473532e-16,-1.0,928175184.0,10424268.577414412
397,2024-04-23 18:00:00,919153418.0,919153418.0,18,1,1,False,2382.0,-1.0,-1.8369701987210297e-16,919978765.5,1167217.6281653733
398,2024-04-24 00:00:00,,,0,2,2,False,2388.0,0.0,1.0,919978765.5,1167217.6281653733
399,2024-04-24 06:00:00,,,6,2,2,False,2394.0,1.0,6.123233995736766e-17,919978765.5,1167217.6281653733
400,2024-04-24 12:00:00,599734632.0,599734632.0,12,2,2,False,2400.0,1.2246467991473532e-16,-1.0,759444025.0,225863189.6189746
401,2024-04-24 18:00:00,913256810.0,913256810.0,18,2,2,False,2406.0,-1.0,-1.8369701987210297e-16,756495721.0,221693658.11617577
402,2024-04-25 00:00:00,,,0,3,3,False,2412.0,0.0,1.0,756495721.0,221693658.11617577
403,2024-04-25 06:00:00,920390069.0,920390069.0,6,3,3,False,2418.0,1.0,6.123233995736766e-17,811127170.3333334,183106047.94284543
404,2024-04-25 12:00:00,747682331.0,747682331.0,12,3,3,False,2424.0,1.2246467991473532e-16,-1.0,860443070.0,97718775.27302437
405,2024-04-25 18:00:00,291295374.0,291295374.0,18,3,3,False,2430.0,-1.0,-1.8369701987210297e-16,653122591.3333334,325032601.58583564
406,2024-04-26 00:00:00,,,0,4,4,False,2436.0,0.0,1.0,653122591.3333334,325032601.58583564
407,2024-04-26 06:00:00,918076598.0,918076598.0,6,4,4,False,2442.0,1.0,6.123233995736766e-17,652351434.3333334,324082798.96376413
408,2024-04-26 12:00:00,920758084.0,920758084.0,12,4,4,False,2448.0,1.2246467991473532e-16,-1.0,710043352.0,362648865.15899706
409,2024-04-26 18:00:00,,,18,4,4,False,2454.0,-1.0,-1.8369701987210297e-16,919417341.0,1896096.934256263
410,2024-04-27 00:00:00,,,0,5,5,True,2460.0,0.0,1.0,919417341.0,1896096.934256263
411,2024-04-27 06:00:00,,,6,5,5,True,2466.0,1.0,6.123233995736766e-17,920758084.0,0.0
412,2024-04-27 12:00:00,,,12,5,5,True,2472.0,1.2246467991473532e-16,-1.0,,0.0
413,2024-04-27 18:00:00,,,18,5,5,True,2478.0,-1.0,-1.8369701987210297e-16,,0.0
414,2024-04-28 00:00:00,,,0,6,6,True,2484.0,0.0,1.0,,0.0
415,2024-04-28 06:00:00,,,6,6,6,True,2490.0,1.0,6.123233995736766e-17,,0.0
416,2024-04-28 12:00:00,,,12,6,6,True,2496.0,1.2246467991473532e-16,-1.0,,0.0
417,2024-04-28 18:00:00,,,18,6,6,True,2502.0,-1.0,-1.8369701987210297e-16,,0.0
418,2024-04-29 00:00:00,,,0,0,0,False,2508.0,0.0,1.0,,0.0
419,2024-04-29 06:00:00,,,6,0,0,False,2514.0,1.0,6.123233995736766e-17,,0.0
420,2024-04-29 12:00:00,919571351.0,919571351.0,12,0,0,False,2520.0,1.2246467991473532e-16,-1.0,919571351.0,0.0
421,2024-04-29 18:00:00,828162260.0,828162260.0,18,0,0,False,2526.0,-1.0,-1.8369701987210297e-16,873866805.5,64635988.10819821
422,2024-04-30 00:00:00,,,0,1,1,False,2532.0,0.0,1.0,873866805.5,64635988.10819821
423,2024-04-30 06:00:00,,,6,1,1,False,2538.0,1.0,6.123233995736766e-17,873866805.5,64635988.10819821
424,2024-04-30 12:00:00,,,12,1,1,False,2544.0,1.2246467991473532e-16,-1.0,828162260.0,0.0
425,2024-04-30 18:00:00,918227271.0,918227271.0,18,1,1,False,2550.0,-1.0,-1.8369701987210297e-16,918227271.0,0.0
426,2024-05-01 00:00:00,921646566.0,921646566.0,0,2,2,False,2556.0,0.0,1.0,919936918.5,2417806.681377256
427,2024-05-01 06:00:00,923220308.0,923220308.0,6,2,2,False,2562.0,1.0,6.123233995736766e-17,921031381.6666666,2552732.544515073
428,2024-05-01 12:00:00,923796564.0,923796564.0,12,2,2,False,2568.0,1.2246467991473532e-16,-1.0,921722677.25,2501170.5186496824
429,2024-05-01 18:00:00,917351208.0,917351208.0,18,2,2,False,2574.0,-1.0,-1.8369701987210297e-16,921503661.5,2913621.3919136887
430,2024-05-02 00:00:00,,,0,3,3,False,2580.0,0.0,1.0,921456026.6666666,3566534.7270208127
431,2024-05-02 06:00:00,922102966.0,922102966.0,6,3,3,False,2586.0,1.0,6.123233995736766e-17,921083579.3333334,3341409.189820567
432,2024-05-02 12:00:00,,,12,3,3,False,2592.0,1.2246467991473532e-16,-1.0,919727087.0,3360000.304357452
433,2024-05-02 18:00:00,,,18,3,3,False,2598.0,-1.0,-1.8369701987210297e-16,922102966.0,0.0
434,2024-05-03 00:00:00,,,0,4,4,False,2604.0,0.0,1.0,922102966.0,0.0
435,2024-05-03 06:00:00,928620391.0,928620391.0,6,4,4,False,2610.0,1.0,6.123233995736766e-17,928620391.0,0.0
436,2024-05-03 12:00:00,919529436.5,919529436.5,12,4,4,False,2616.0,1.2246467991473532e-16,-1.0,924074913.75,6428275.57440836
437,2024-05-03 18:00:00,920761675.0,920761675.0,18,4,4,False,2622.0,-1.0,-1.8369701987210297e-16,922970500.8333334,4931586.671829681
438,2024-05-04 00:00:00,,,0,5,5,True,2628.0,0.0,1.0,922970500.8333334,4931586.671829681
439,2024-05-04 06:00:00,931517238.0,931517238.0,6,5,5,True,2634.0,1.0,6.123233995736766e-17,923936116.5,6594289.599990471
440,2024-05-04 12:00:00,931926626.0,931926626.0,12,5,5,True,2640.0,1.2246467991473532e-16,-1.0,928068513.0,6331217.165942046
441,2024-05-04 18:00:00,,,18,5,5,True,2646.0,-1.0,-1.8369701987210297e-16,931721932.0,289481.030937208
442,2024-05-05 00:00:00,,,0,6,6,True,2652.0,0.0,1.0,931721932.0,289481.030937208
443,2024-05-05 06:00:00,918817752.0,918817752.0,6,6,6,True,2658.0,1.0,6.123233995736766e-17,925372189.0,9269373.699120047
444,2024-05-05 12:00:00,913469996.0,913469996.0,12,6,6,True,2664.0,1.2246467991473532e-16,-1.0,916143874.0,3781434.5317311087
445,2024-05-05 18:00:00,,,18,6,6,True,2670.0,-1.0,-1.8369701987210297e-16,916143874.0,3781434.5317311087
446,2024-05-06 00:00:00,,,0,0,0,False,2676.0,0.0,1.0,916143874.0,3781434.5317311087
447,2024-05-06 06:00:00,,,6,0,0,False,2682.0,1.0,6.123233995736766e-17,913469996.0,0.0
448,2024-05-06 12:00:00,905392901.0,905392901.0,12,0,0,False,2688.0,1.2246467991473532e-16,-1.0,905392901.0,0.0
449,2024-05-06 18:00:00,,,18,0,0,False,2694.0,-1.0,-1.8369701987210297e-16,905392901.0,0.0
450,2024-05-07 00:00:00,935175977.0,935175977.0,0,1,1,False,2700.0,0.0,1.0,920284439.0,21059815.004194316
451,2024-05-07 06:00:00,,,6,1,1,False,2706.0,1.0,6.123233995736766e-17,920284439.0,21059815.004194316
452,2024-05-07 12:00:00,861260472.0,861260472.0,12,1,1,False,2712.0,1.2246467991473532e-16,-1.0,898218224.5,52266154.82032816
453,2024-05-07 18:00:00,888696437.5,888696437.5,18,1,1,False,2718.0,-1.0,-1.8369701987210297e-16,895044295.5,37364380.70866931
454,2024-05-08 00:00:00,,,0,2,2,False,2724.0,0.0,1.0,874978454.75,19400157.253450163
455,2024-05-08 06:00:00,,,6,2,2,False,2730.0,1.0,6.123233995736766e-17,874978454.75,19400157.253450163
456,2024-05-08 12:00:00,,,12,2,2,False,2736.0,1.2246467991473532e-16,-1.0,888696437.5,0.0
457,2024-05-08 18:00:00,,,18,2,2,False,2742.0,-1.0,-1.8369701987210297e-16,,0.0
458,2024-05-09 00:00:00,,,0,3,3,False,2748.0,0.0,1.0,,0.0
459,2024-05-09 06:00:00,,,6,3,3,False,2754.0,1.0,6.123233995736766e-17,,0.0
460,2024-05-09 12:00:00,924412704.0,924412704.0,12,3,3,False,2760.0,1.2246467991473532e-16,-1.0,924412704.0,0.0
461,2024-05-09 18:00:00,908367389.0,908367389.0,18,3,3,False,2766.0,-1.0,-1.8369701987210297e-16,916390046.5,11345751.042774228
462,2024-05-10 00:00:00,,,0,4,4,False,2772.0,0.0,1.0,916390046.5,11345751.042774228
463,2024-05-10 06:00:00,917606718.5,917606718.5,6,4,4,False,2778.0,1.0,6.123233995736766e-17,916795603.8333334,8053351.079778378
464,2024-05-10 12:00:00,899915748.0,899915748.0,12,4,4,False,2784.0,1.2246467991473532e-16,-1.0,908629951.8333334,8848407.412583016
465,2024-05-10 18:00:00,918922839.0,918922839.0,18,4,4,False,2790.0,-1.0,-1.8369701987210297e-16,912148435.1666666,10614236.655585706
466,2024-05-11 00:00:00,,,0,5,5,True,2796.0,0.0,1.0,912148435.1666666,10614236.655585706
467,2024-05-11 06:00:00,897633260.0,897633260.0,6,5,5,True,2802.0,1.0,6.123233995736766e-17,905490615.6666666,11688494.583347531
468,2024-05-11 12:00:00,917085142.0,917085142.0,12,5,5,True,2808.0,1.2246467991473532e-16,-1.0,911213747.0,11796885.30646244
469,2024-05-11 18:00:00,921445466.0,921445466.0,18,5,5,True,2814.0,-1.0,-1.8369701987210297e-16,912054622.6666666,12678126.131999556
470,2024-05-12 00:00:00,,,0,6,6,True,2820.0,0.0,1.0,912054622.6666666,12678126.131999556
471,2024-05-12 06:00:00,900359377.0,900359377.0,6,6,6,True,2826.0,1.0,6.123233995736766e-17,912963328.3333334,11130938.785925554
472,2024-05-12 12:00:00,917245616.0,917245616.0,12,6,6,True,2832.0,1.2246467991473532e-16,-1.0,913016819.6666666,11160995.750854494
473,2024-05-12 18:00:00,919994822.0,919994822.0,18,6,6,True,2838.0,-1.0,-1.8369701987210297e-16,912533271.6666666,10632136.047094774
474,2024-05-13 00:00:00,,,0,0,0,False,2844.0,0.0,1.0,912533271.6666666,10632136.047094774
475,2024-05-13 06:00:00,920881644.5,920881644.5,6,0,0,False,2850.0,1.0,6.123233995736766e-17,919374027.5,1895841.547078195
476,2024-05-13 12:00:00,903272833.0,903272833.0,12,0,0,False,2856.0,1.2246467991473532e-16,-1.0,914716433.1666666,9920363.003314361
477,2024-05-13 18:00:00,,,18,0,0,False,2862.0,-1.0,-1.8369701987210297e-16,912077238.75,12451310.020285789
478,2024-05-14 00:00:00,,,0,1,1,False,2868.0,0.0,1.0,912077238.75,12451310.020285789
479,2024-05-14 06:00:00,909485986.0,909485986.0,6,1,1,False,2874.0,1.0,6.123233995736766e-17,906379409.5,4393362.618849904
480,2024-05-14 12:00:00,919602715.0,919602715.0,12,1,1,False,2880.0,1.2246467991473532e-16,-1.0,914544350.5,7153607.679326823
481,2024-05-14 18:00:00,194344874.0,194344874.0,18,1,1,False,2886.0,-1.0,-1.8369701987210297e-16,674477858.3333334,415838128.4045988
482,2024-05-15 00:00:00,,,0,2,2,False,2892.0,0.0,1.0,674477858.3333334,415838128.4045988
483,2024-05-15 06:00:00,,,6,2,2,False,2898.0,1.0,6.123233995736766e-17,556973794.5,512834737.4798149
484,2024-05-15 12:00:00,855693311.0,855693311.0,12,2,2,False,2904.0,1.2246467991473532e-16,-1.0,525019092.5,467643964.5298242
485,2024-05-15 18:00:00,655150317.0,655150317.0,18,2,2,False,2910.0,-1.0,-1.8369701987210297e-16,755421814.0,141805310.9768531
486,2024-05-16 00:00:00,,,0,3,3,False,2916.0,0.0,1.0,755421814.0,141805310.9768531
487,2024-05-16 06:00:00,932190729.0,932190729.0,6,3,3,False,2922.0,1.0,6.123233995736766e-17,814344785.6666666,143073837.16358984
488,2024-05-16 12:00:00,213437815.0,213437815.0,12,3,3,False,2928.0,1.2246467991473532e-16,-1.0,600259620.3333334,362506798.944912
489,2024-05-16 18:00:00,919496800.0,919496800.0,18,3,3,False,2934.0,-1.0,-1.8369701987210297e-16,688375114.6666666,411356734.3794959
490,2024-05-17 00:00:00,,,0,4,4,False,2940.0,0.0,1.0,688375114.6666666,411356734.3794959
491,2024-05-17 06:00:00,919279636.0,919279636.0,6,4,4,False,2946.0,1.0,6.123233995736766e-17,684071417.0,407580669.6700318
492,2024-05-17 12:00:00,921070816.0,921070816.0,12,4,4,False,2952.0,1.2246467991473532e-16,-1.0,919949084.0,977497.8570922803
493,2024-05-17 18:00:00,739291694.0,739291694.0,18,4,4,False,2958.0,-1.0,-1.8369701987210297e-16,859880715.3333334,104436995.98823433
494,2024-05-18 00:00:00,,,0,5,5,True,2964.0,0.0,1.0,859880715.3333334,104436995.98823433
495,2024-05-18 06:00:00,920623847.0,920623847.0,6,5,5,True,2970.0,1.0,6.123233995736766e-17,860328785.6666666,104821434.42381227
496,2024-05-18 12:00:00,917976960.0,917976960.0,12,5,5,True,2976.0,1.2246467991473532e-16,-1.0,859297500.3333334,103936503.05827521
497,2024-05-18 18:00:00,,,18,5,5,True,2982.0,-1.0,-1.8369701987210297e-16,919300403.5,1871631.7467482754
498,2024-05-19 00:00:00,926215285.0,926215285.0,0,6,6,True,2988.0,0.0,1.0,921605364.0,4205951.90383803
499,2024-05-19 06:00:00,,,6,6,6,True,2994.0,1.0,6.123233995736766e-17,922096122.5,5825375.473123085
500,2024-05-19 12:00:00,936275476.0,936275476.0,12,6,6,True,3000.0,1.2246467991473532e-16,-1.0,931245380.5,7113629.276135495
501,2024-05-19 18:00:00,795232624.5,795232624.5,18,6,6,True,3006.0,-1.0,-1.8369701987210297e-16,885907795.1666666,78687939.30654804
502,2024-05-20 00:00:00,,,0,0,0,False,3012.0,0.0,1.0,865754050.25,99732356.73353744
503,2024-05-20 06:00:00,928271313.0,928271313.0,6,0,0,False,3018.0,1.0,6.123233995736766e-17,886593137.8333334,79221677.6124458
504,2024-05-20 12:00:00,903189989.0,903189989.0,12,0,0,False,3024.0,1.2246467991473532e-16,-1.0,875564642.1666666,70690826.84617928
505,2024-05-20 18:00:00,909890164.0,909890164.0,18,0,0,False,3030.0,-1.0,-1.8369701987210297e-16,913783822.0,12986093.826243209
506,2024-05-21 00:00:00,,,0,1,1,False,3036.0,0.0,1.0,913783822.0,12986093.826243209
507,2024-05-21 06:00:00,,,6,1,1,False,3042.0,1.0,6.123233995736766e-17,906540076.5,4737739.177641853
508,2024-05-21 12:00:00,923532619.0,923532619.0,12,1,1,False,3048.0,1.2246467991473532e-16,-1.0,916711391.5,9646672.442534912
509,2024-05-21 18:00:00,914312965.0,914312965.0,18,1,1,False,3054.0,-1.0,-1.8369701987210297e-16,918922792.0,6519279.863597512
510,2024-05-22 00:00:00,,,0,2,2,False,3060.0,0.0,1.0,918922792.0,6519279.863597512
511,2024-05-22 06:00:00,,,6,2,2,False,3066.0,1.0,6.123233995736766e-17,918922792.0,6519279.863597512
512,2024-05-22 12:00:00,916142546.0,916142546.0,12,2,2,False,3072.0,1.2246467991473532e-16,-1.0,915227755.5,1293709.131849389
513,2024-05-22 18:00:00,926971213.5,926971213.5,18,2,2,False,3078.0,-1.0,-1.8369701987210297e-16,921556879.75,7657024.220467644
514,2024-05-23 00:00:00,,,0,3,3,False,3084.0,0.0,1.0,921556879.75,7657024.220467644
515,2024-05-23 06:00:00,,,6,3,3,False,3090.0,1.0,6.123233995736766e-17,921556879.75,7657024.220467644
516,2024-05-23 12:00:00,,,12,3,3,False,3096.0,1.2246467991473532e-16,-1.0,926971213.5,0.0
517,2024-05-23 18:00:00,,,18,3,3,False,3102.0,-1.0,-1.8369701987210297e-16,,0.0
518,2024-05-24 00:00:00,,,0,4,4,False,3108.0,0.0,1.0,,0.0
519,2024-05-24 06:00:00,859523501.0,859523501.0,6,4,4,False,3114.0,1.0,6.123233995736766e-17,859523501.0,0.0
520,2024-05-24 12:00:00,923796887.0,923796887.0,12,4,4,False,3120.0,1.2246467991473532e-16,-1.0,891660194.0,45448147.09042051
521,2024-05-24 18:00:00,,,18,4,4,False,3126.0,-1.0,-1.8369701987210297e-16,891660194.0,45448147.09042051
522,2024-05-25 00:00:00,924269394.0,924269394.0,0,5,5,True,3132.0,0.0,1.0,902529927.3333334,37245407.03482218
523,2024-05-25 06:00:00,917583318.0,917583318.0,6,5,5,True,3138.0,1.0,6.123233995736766e-17,921883199.6666666,3731293.6733474163
524,2024-05-25 12:00:00,901828374.0,901828374.0,12,5,5,True,3144.0,1.2246467991473532e-16,-1.0,914560362.0,11521872.325865708
525,2024-05-25 18:00:00,918416821.0,918416821.0,18,5,5,True,3150.0,-1.0,-1.8369701987210297e-16,915524476.75,9603146.8939633
526,2024-05-26 00:00:00,915617845.0,915617845.0,0,6,6,True,3156.0,0.0,1.0,913361589.5,7777834.010764637
527,2024-05-26 06:00:00,,,6,6,6,True,3162.0,1.0,6.123233995736766e-17,911954346.6666666,8880318.603333015
528,2024-05-26 12:00:00,921753544.0,921753544.0,12,6,6,True,3168.0,1.2246467991473532e-16,-1.0,918596070.0,3071774.4395787604
529,2024-05-26 18:00:00,,,18,6,6,True,3174.0,-1.0,-1.8369701987210297e-16,918685694.5,4338594.3702191515
530,2024-05-27 00:00:00,,,0,0,0,False,3180.0,0.0,1.0,921753544.0,0.0
531,2024-05-27 06:00:00,,,6,0,0,False,3186.0,1.0,6.123233995736766e-17,921753544.0,0.0
532,2024-05-27 12:00:00,,,12,0,0,False,3192.0,1.2246467991473532e-16,-1.0,,0.0
533,2024-05-27 18:00:00,905761216.0,905761216.0,18,0,0,False,3198.0,-1.0,-1.8369701987210297e-16,905761216.0,0.0
534,2024-05-28 00:00:00,,,0,1,1,False,3204.0,0.0,1.0,905761216.0,0.0
535,2024-05-28 06:00:00,,,6,1,1,False,3210.0,1.0,6.123233995736766e-17,905761216.0,0.0
536,2024-05-28 12:00:00,911898905.0,911898905.0,12,1,1,False,3216.0,1.2246467991473532e-16,-1.0,908830060.5,4340001.51271408
537,2024-05-28 18:00:00,901282034.0,901282034.0,18,1,1,False,3222.0,-1.0,-1.8369701987210297e-16,906590469.5,7507261.479082802
538,2024-05-29 00:00:00,,,0,2,2,False,3228.0,0.0,1.0,906590469.5,7507261.479082802
539,2024-05-29 06:00:00,893955937.5,893955937.5,6,2,2,False,3234.0,1.0,6.123233995736766e-17,902378958.8333334,9021638.08540344
540,2024-05-29 12:00:00,,,12,2,2,False,3240.0,1.2246467991473532e-16,-1.0,897618985.75,5180332.514777137
541,2024-05-29 18:00:00,918468636.5,918468636.5,18,2,2,False,3246.0,-1.0,-1.8369701987210297e-16,906212287.0,17333095.688084736
542,2024-05-30 00:00:00,936335115.0,936335115.0,0,3,3,False,3252.0,0.0,1.0,916253229.6666666,21276270.631198805
543,2024-05-30 06:00:00,913468809.0,913468809.0,6,3,3,False,3258.0,1.0,6.123233995736766e-17,922757520.1666666,12021350.999411864
544,2024-05-30 12:00:00,920168963.0,920168963.0,12,3,3,False,3264.0,1.2246467991473532e-16,-1.0,922110380.875,9900357.415365487
545,2024-05-30 18:00:00,911547689.5,911547689.5,18,3,3,False,3270.0,-1.0,-1.8369701987210297e-16,920380144.125,11260321.206229717
546,2024-05-31 00:00:00,906113383.0,906113383.0,0,4,4,False,3276.0,0.0,1.0,912824711.125,5803033.893523772
547,2024-05-31 06:00:00,935205844.0,935205844.0,6,4,4,False,3282.0,1.0,6.123233995736766e-17,918258969.875,12693846.030737052
548,2024-05-31 12:00:00,,,12,4,4,False,3288.0,1.2246467991473532e-16,-1.0,917622305.5,15468307.645625727
549,2024-05-31 18:00:00,936273604.0,936273604.0,18,4,4,False,3294.0,-1.0,-1.8369701987210297e-16,925864277.0,17113105.74395624
550,2024-06-01 00:00:00,,,0,5,5,True,3300.0,0.0,1.0,935739724.0,755020.336681238
551,2024-06-01 06:00:00,933916922.0,933916922.0,6,5,5,True,3306.0,1.0,6.123233995736766e-17,935095263.0,1666425.8233009502
552,2024-06-01 12:00:00,920219210.0,920219210.0,12,5,5,True,3312.0,1.2246467991473532e-16,-1.0,930136578.6666666,8669148.658617994
553,2024-06-01 18:00:00,936219911.0,936219911.0,18,5,5,True,3318.0,-1.0,-1.8369701987210297e-16,930118681.0,8650178.27234859
554,2024-06-02 00:00:00,,,0,6,6,True,3324.0,0.0,1.0,930118681.0,8650178.27234859
555,2024-06-02 06:00:00,,,6,6,6,True,3330.0,1.0,6.123233995736766e-17,928219560.5,11314204.180838428
556,2024-06-02 12:00:00,921286092.5,921286092.5,12,6,6,True,3336.0,1.2246467991473532e-16,-1.0,928753001.75,10559804.330359176
557,2024-06-02 18:00:00,931073785.0,931073785.0,18,6,6,True,3342.0,-1.0,-1.8369701987210297e-16,926179938.75,6920943.738918805
558,2024-06-03 00:00:00,,,0,0,0,False,3348.0,0.0,1.0,926179938.75,6920943.738918805
559,2024-06-03 06:00:00,916613672.0,916613672.0,6,0,0,False,3354.0,1.0,6.123233995736766e-17,922991183.1666666,7379310.105244123
560,2024-06-03 12:00:00,907520189.0,907520189.0,12,0,0,False,3360.0,1.2246467991473532e-16,-1.0,918402548.6666666,11878258.749884702
561,2024-06-03 18:00:00,902459063.0,902459063.0,18,0,0,False,3366.0,-1.0,-1.8369701987210297e-16,908864308.0,7172393.666018394
562,2024-06-04 00:00:00,,,0,1,1,False,3372.0,0.0,1.0,908864308.0,7172393.666018394
563,2024-06-04 06:00:00,883050571.0,883050571.0,6,1,1,False,3378.0,1.0,6.123233995736766e-17,897676607.6666666,12916828.5785628
564,2024-06-04 12:00:00,920864047.0,920864047.0,12,1,1,False,3384.0,1.2246467991473532e-16,-1.0,902124560.3333334,18908957.158609986
565,2024-06-04 18:00:00,929616563.5,929616563.5,18,1,1,False,3390.0,-1.0,-1.8369701987210297e-16,911177060.5,24748256.40254075
566,2024-06-05 00:00:00,,,0,2,2,False,3396.0,0.0,1.0,911177060.5,24748256.40254075
567,2024-06-05 06:00:00,932265801.0,932265801.0,6,2,2,False,3402.0,1.0,6.123233995736766e-17,927582137.1666666,5966922.695028624
568,2024-06-05 12:00:00,916509227.0,916509227.0,12,2,2,False,3408.0,1.2246467991473532e-16,-1.0,926130530.5,8436926.313070687
569,2024-06-05 18:00:00,898158850.0,898158850.0,18,2,2,False,3414.0,-1.0,-1.8369701987210297e-16,915644626.0,17069905.617665254
570,2024-06-06 00:00:00,,,0,3,3,False,3420.0,0.0,1.0,915644626.0,17069905.617665254
571,2024-06-06 06:00:00,,,6,3,3,False,3426.0,1.0,6.123233995736766e-17,907334038.5,12975676.014029559
572,2024-06-06 12:00:00,,,12,3,3,False,3432.0,1.2246467991473532e-16,-1.0,898158850.0,0.0
573,2024-06-06 18:00:00,,,18,3,3,False,3438.0,-1.0,-1.8369701987210297e-16,,0.0
574,2024-06-07 00:00:00,,,0,4,4,False,3444.0,0.0,1.0,,0.0
575,2024-06-07 06:00:00,,,6,4,4,False,3450.0,1.0,6.123233995736766e-17,,0.0
576,2024-06-07 12:00:00,,,12,4,4,False,3456.0,1.2246467991473532e-16,-1.0,,0.0
577,2024-06-07 18:00:00,,,18,4,4,False,3462.0,-1.0,-1.8369701987210297e-16,,0.0
578,2024-06-08 00:00:00,,,0,5,5,True,3468.0,0.0,1.0,,0.0
579,2024-06-08 06:00:00,,,6,5,5,True,3474.0,1.0,6.123233995736766e-17,,0.0
580,2024-06-08 12:00:00,,,12,5,5,True,3480.0,1.2246467991473532e-16,-1.0,,0.0
581,2024-06-08 18:00:00,,,18,5,5,True,3486.0,-1.0,-1.8369701987210297e-16,,0.0
582,2024-06-09 00:00:00,,,0,6,6,True,3492.0,0.0,1.0,,0.0
583,2024-06-09 06:00:00,,,6,6,6,True,3498.0,1.0,6.123233995736766e-17,,0.0
584,2024-06-09 12:00:00,,,12,6,6,True,3504.0,1.2246467991473532e-16,-1.0,,0.0
585,2024-06-09 18:00:00,,,18,6,6,True,3510.0,-1.0,-1.8369701987210297e-16,,0.0
586,2024-06-10 00:00:00,,,0,0,0,False,3516.0,0.0,1.0,,0.0
587,2024-06-10 06:00:00,,,6,0,0,False,3522.0,1.0,6.123233995736766e-17,,0.0
588,2024-06-10 12:00:00,,,12,0,0,False,3528.0,1.2246467991473532e-16,-1.0,,0.0
589,2024-06-10 18:00:00,,,18,0,0,False,3534.0,-1.0,-1.8369701987210297e-16,,0.0
590,2024-06-11 00:00:00,,,0,1,1,False,3540.0,0.0,1.0,,0.0
591,2024-06-11 06:00:00,,,6,1,1,False,3546.0,1.0,6.123233995736766e-17,,0.0
592,2024-06-11 12:00:00,,,12,1,1,False,3552.0,1.2246467991473532e-16,-1.0,,0.0
593,2024-06-11 18:00:00,,,18,1,1,False,3558.0,-1.0,-1.8369701987210297e-16,,0.0
594,2024-06-12 00:00:00,,,0,2,2,False,3564.0,0.0,1.0,,0.0
595,2024-06-12 06:00:00,,,6,2,2,False,3570.0,1.0,6.123233995736766e-17,,0.0
596,2024-06-12 12:00:00,,,12,2,2,False,3576.0,1.2246467991473532e-16,-1.0,,0.0
597,2024-06-12 18:00:00,,,18,2,2,False,3582.0,-1.0,-1.8369701987210297e-16,,0.0
598,2024-06-13 00:00:00,,,0,3,3,False,3588.0,0.0,1.0,,0.0
599,2024-06-13 06:00:00,,,6,3,3,False,3594.0,1.0,6.123233995736766e-17,,0.0
600,2024-06-13 12:00:00,,,12,3,3,False,3600.0,1.2246467991473532e-16,-1.0,,0.0
601,2024-06-13 18:00:00,,,18,3,3,False,3606.0,-1.0,-1.8369701987210297e-16,,0.0
602,2024-06-14 00:00:00,,,0,4,4,False,3612.0,0.0,1.0,,0.0
603,2024-06-14 06:00:00,,,6,4,4,False,3618.0,1.0,6.123233995736766e-17,,0.0
604,2024-06-14 12:00:00,,,12,4,4,False,3624.0,1.2246467991473532e-16,-1.0,,0.0
605,2024-06-14 18:00:00,,,18,4,4,False,3630.0,-1.0,-1.8369701987210297e-16,,0.0
606,2024-06-15 00:00:00,,,0,5,5,True,3636.0,0.0,1.0,,0.0
607,2024-06-15 06:00:00,,,6,5,5,True,3642.0,1.0,6.123233995736766e-17,,0.0
608,2024-06-15 12:00:00,,,12,5,5,True,3648.0,1.2246467991473532e-16,-1.0,,0.0
609,2024-06-15 18:00:00,,,18,5,5,True,3654.0,-1.0,-1.8369701987210297e-16,,0.0
610,2024-06-16 00:00:00,,,0,6,6,True,3660.0,0.0,1.0,,0.0
611,2024-06-16 06:00:00,,,6,6,6,True,3666.0,1.0,6.123233995736766e-17,,0.0
612,2024-06-16 12:00:00,,,12,6,6,True,3672.0,1.2246467991473532e-16,-1.0,,0.0
613,2024-06-16 18:00:00,,,18,6,6,True,3678.0,-1.0,-1.8369701987210297e-16,,0.0
614,2024-06-17 00:00:00,,,0,0,0,False,3684.0,0.0,1.0,,0.0
615,2024-06-17 06:00:00,,,6,0,0,False,3690.0,1.0,6.123233995736766e-17,,0.0
616,2024-06-17 12:00:00,,,12,0,0,False,3696.0,1.2246467991473532e-16,-1.0,,0.0
617,2024-06-17 18:00:00,,,18,0,0,False,3702.0,-1.0,-1.8369701987210297e-16,,0.0
618,2024-06-18 00:00:00,,,0,1,1,False,3708.0,0.0,1.0,,0.0
619,2024-06-18 06:00:00,,,6,1,1,False,3714.0,1.0,6.123233995736766e-17,,0.0
620,2024-06-18 12:00:00,,,12,1,1,False,3720.0,1.2246467991473532e-16,-1.0,,0.0
621,2024-06-18 18:00:00,,,18,1,1,False,3726.0,-1.0,-1.8369701987210297e-16,,0.0
622,2024-06-19 00:00:00,,,0,2,2,False,3732.0,0.0,1.0,,0.0
623,2024-06-19 06:00:00,,,6,2,2,False,3738.0,1.0,6.123233995736766e-17,,0.0
624,2024-06-19 12:00:00,,,12,2,2,False,3744.0,1.2246467991473532e-16,-1.0,,0.0
625,2024-06-19 18:00:00,,,18,2,2,False,3750.0,-1.0,-1.8369701987210297e-16,,0.0
626,2024-06-20 00:00:00,,,0,3,3,False,3756.0,0.0,1.0,,0.0
627,2024-06-20 06:00:00,,,6,3,3,False,3762.0,1.0,6.123233995736766e-17,,0.0
628,2024-06-20 12:00:00,,,12,3,3,False,3768.0,1.2246467991473532e-16,-1.0,,0.0
629,2024-06-20 18:00:00,,,18,3,3,False,3774.0,-1.0,-1.8369701987210297e-16,,0.0
630,2024-06-21 00:00:00,,,0,4,4,False,3780.0,0.0,1.0,,0.0
631,2024-06-21 06:00:00,,,6,4,4,False,3786.0,1.0,6.123233995736766e-17,,0.0
632,2024-06-21 12:00:00,,,12,4,4,False,3792.0,1.2246467991473532e-16,-1.0,,0.0
633,2024-06-21 18:00:00,,,18,4,4,False,3798.0,-1.0,-1.8369701987210297e-16,,0.0
634,2024-06-22 00:00:00,,,0,5,5,True,3804.0,0.0,1.0,,0.0
635,2024-06-22 06:00:00,,,6,5,5,True,3810.0,1.0,6.123233995736766e-17,,0.0
636,2024-06-22 12:00:00,,,12,5,5,True,3816.0,1.2246467991473532e-16,-1.0,,0.0
637,2024-06-22 18:00:00,,,18,5,5,True,3822.0,-1.0,-1.8369701987210297e-16,,0.0
638,2024-06-23 00:00:00,,,0,6,6,True,3828.0,0.0,1.0,,0.0
639,2024-06-23 06:00:00,,,6,6,6,True,3834.0,1.0,6.123233995736766e-17,,0.0
640,2024-06-23 12:00:00,,,12,6,6,True,3840.0,1.2246467991473532e-16,-1.0,,0.0
641,2024-06-23 18:00:00,,,18,6,6,True,3846.0,-1.0,-1.8369701987210297e-16,,0.0
642,2024-06-24 00:00:00,,,0,0,0,False,3852.0,0.0,1.0,,0.0
643,2024-06-24 06:00:00,,,6,0,0,False,3858.0,1.0,6.123233995736766e-17,,0.0
644,2024-06-24 12:00:00,,,12,0,0,False,3864.0,1.2246467991473532e-16,-1.0,,0.0
645,2024-06-24 18:00:00,923166534.0,923166534.0,18,0,0,False,3870.0,-1.0,-1.8369701987210297e-16,923166534.0,0.0
646,2024-06-25 00:00:00,,,0,1,1,False,3876.0,0.0,1.0,923166534.0,0.0
647,2024-06-25 06:00:00,928491230.5,928491230.5,6,1,1,False,3882.0,1.0,6.123233995736766e-17,925828882.25,3765129.0029102755
648,2024-06-25 12:00:00,,,12,1,1,False,3888.0,1.2246467991473532e-16,-1.0,925828882.25,3765129.0029102755
649,2024-06-25 18:00:00,952635487.0,952635487.0,18,1,1,False,3894.0,-1.0,-1.8369701987210297e-16,940563358.75,17072567.497857377
650,2024-06-26 00:00:00,,,0,2,2,False,3900.0,0.0,1.0,940563358.75,17072567.497857377
651,2024-06-26 06:00:00,914776330.0,914776330.0,6,2,2,False,3906.0,1.0,6.123233995736766e-17,933705908.5,26770466.64470615
652,2024-06-26 12:00:00,925422090.0,925422090.0,12,2,2,False,3912.0,1.2246467991473532e-16,-1.0,930944635.6666666,19524416.1287342
653,2024-06-26 18:00:00,923686894.6666666,923686894.6666666,18,2,2,False,3918.0,-1.0,-1.8369701987210297e-16,921295104.8888888,5711702.482641307
654,2024-06-27 00:00:00,,,0,3,3,False,3924.0,0.0,1.0,921295104.8888888,5711702.482641307
655,2024-06-27 06:00:00,,,6,3,3,False,3930.0,1.0,6.123233995736766e-17,924554492.3333333,1226968.3868829913
656,2024-06-27 12:00:00,925870530.0,925870530.0,12,3,3,False,3936.0,1.2246467991473532e-16,-1.0,924778712.3333333,1544063.3518383633
657,2024-06-27 18:00:00,,,18,3,3,False,3942.0,-1.0,-1.8369701987210297e-16,925870530.0,0.0
658,2024-06-28 00:00:00,923802199.0,923802199.0,0,4,4,False,3948.0,0.0,1.0,924836364.5,1462530.875838176
659,2024-06-28 06:00:00,922802400.0,922802400.0,6,4,4,False,3954.0,1.0,6.123233995736766e-17,924158376.3333334,1564769.038487826
660,2024-06-28 12:00:00,918861414.0,918861414.0,12,4,4,False,3960.0,1.2246467991473532e-16,-1.0,921822004.3333334,2612225.2681325655
661,2024-06-28 18:00:00,926564017.5,926564017.5,18,4,4,False,3966.0,-1.0,-1.8369701987210297e-16,923007507.625,3189172.2205806733
662,2024-06-29 00:00:00,,,0,5,5,True,3972.0,0.0,1.0,922742610.5,3851649.8098588353
663,2024-06-29 06:00:00,,,6,5,5,True,3978.0,1.0,6.123233995736766e-17,922712715.75,5446563.167641208
664,2024-06-29 12:00:00,892549051.0,892549051.0,12,5,5,True,3984.0,1.2246467991473532e-16,-1.0,909556534.25,24052213.47398324
665,2024-06-29 18:00:00,937163113.0,937163113.0,18,5,5,True,3990.0,-1.0,-1.8369701987210297e-16,914856082.0,31546905.77647706
666,2024-06-30 00:00:00,,,0,6,6,True,3996.0,0.0,1.0,914856082.0,31546905.77647706
667,2024-06-30 06:00:00,929472789.3333334,929472789.3333334,6,6,6,True,4002.0,1.0,6.123233995736766e-17,919728317.7777778,23849940.806168362
668,2024-06-30 12:00:00,760061073.0,760061073.0,12,6,6,True,4008.0,1.2246467991473532e-16,-1.0,875565658.4444445,100103782.2139816
669,2024-06-30 18:00:00,922228955.0,922228955.0,18,6,6,True,4014.0,-1.0,-1.8369701987210297e-16,870587605.7777778,95787285.79446283
670,2024-07-01 00:00:00,931659776.0,931659776.0,0,0,0,False,4020.0,0.0,1.0,885855648.3333334,83959843.02327564
671,2024-07-01 06:00:00,932237518.0,932237518.0,6,0,0,False,4026.0,1.0,6.123233995736766e-17,886546830.5,84448559.55963363
672,2024-07-01 12:00:00,915572328.0,915572328.0,12,0,0,False,4032.0,1.2246467991473532e-16,-1.0,925424644.25,8011921.990507057
673,2024-07-01 18:00:00,926808197.0,926808197.0,18,0,0,False,4038.0,-1.0,-1.8369701987210297e-16,926569454.75,7725112.858975755
674,2024-07-02 00:00:00,,,0,1,1,False,4044.0,0.0,1.0,924872681.0,8499517.990670675
675,2024-07-02 06:00:00,916669264.0,916669264.0,6,1,1,False,4050.0,1.0,6.123233995736766e-17,919683263.0,6194701.810846788
676,2024-07-02 12:00:00,922691267.0,922691267.0,12,1,1,False,4056.0,1.2246467991473532e-16,-1.0,922056242.6666666,5099209.009501751
677,2024-07-02 18:00:00,893101115.0,893101115.0,18,1,1,False,4062.0,-1.0,-1.8369701987210297e-16,910820548.6666666,15638090.58464521
678,2024-07-03 00:00:00,947494268.0,947494268.0,0,2,2,False,4068.0,0.0,1.0,919988978.5,22344432.72623869
679,2024-07-03 06:00:00,927050812.0,927050812.0,6,2,2,False,4074.0,1.0,6.123233995736766e-17,922584365.5,22433055.03695648
680,2024-07-03 12:00:00,,,12,2,2,False,4080.0,1.2246467991473532e-16,-1.0,922548731.6666666,27474630.458228365
681,2024-07-03 18:00:00,924521447.5,924521447.5,18,2,2,False,4086.0,-1.0,-1.8369701987210297e-16,933022175.8333334,12596845.238148104
682,2024-07-04 00:00:00,,,0,3,3,False,4092.0,0.0,1.0,925786129.75,1788530.7900531094
683,2024-07-04 06:00:00,933542031.0,933542031.0,6,3,3,False,4098.0,1.0,6.123233995736766e-17,929031739.25,6378515.76311245
684,2024-07-04 12:00:00,924723061.0,924723061.0,12,3,3,False,4104.0,1.2246467991473532e-16,-1.0,927595513.1666666,5150822.046768646
685,2024-07-04 18:00:00,,,18,3,3,False,4110.0,-1.0,-1.8369701987210297e-16,929132546.0,6235953.490083765
686,2024-07-05 00:00:00,,,0,4,4,False,4116.0,0.0,1.0,929132546.0,6235953.490083765
687,2024-07-05 06:00:00,922138789.0,922138789.0,6,4,4,False,4122.0,1.0,6.123233995736766e-17,923430925.0,1827356.255640889
688,2024-07-05 12:00:00,913624785.0,913624785.0,12,4,4,False,4128.0,1.2246467991473532e-16,-1.0,917881787.0,6020309.963452538
689,2024-07-05 18:00:00,923798088.0,923798088.0,18,4,4,False,4134.0,-1.0,-1.8369701987210297e-16,919853887.3333334,5457985.452730995
690,2024-07-06 00:00:00,,,0,5,5,True,4140.0,0.0,1.0,919853887.3333334,5457985.452730995
691,2024-07-06 06:00:00,935597128.0,935597128.0,6,5,5,True,4146.0,1.0,6.123233995736766e-17,924340000.3333334,10996190.975069271
692,2024-07-06 12:00:00,920281069.0,920281069.0,12,5,5,True,4152.0,1.2246467991473532e-16,-1.0,926558761.6666666,8022556.023067609
693,2024-07-06 18:00:00,920836059.5,920836059.5,18,5,5,True,4158.0,-1.0,-1.8369701987210297e-16,925571418.8333334,8686952.102707189
694,2024-07-07 00:00:00,,,0,6,6,True,4164.0,0.0,1.0,925571418.8333334,8686952.102707189
695,2024-07-07 06:00:00,923638031.0,923638031.0,6,6,6,True,4170.0,1.0,6.123233995736766e-17,921585053.1666666,1799456.0572322146
696,2024-07-07 12:00:00,922247139.5,922247139.5,12,6,6,True,4176.0,1.2246467991473532e-16,-1.0,922240410.0,1400997.871643427
697,2024-07-07 18:00:00,937059614.0,937059614.0,18,6,6,True,4182.0,-1.0,-1.8369701987210297e-16,927648261.5,8180086.289315897
698,2024-07-08 00:00:00,900451493.0,900451493.0,0,0,0,False,4188.0,0.0,1.0,920849069.375,15150091.155207086
699,2024-07-08 06:00:00,920285671.0,920285671.0,6,0,0,False,4194.0,1.0,6.123233995736766e-17,920010979.375,15036680.899543423
700,2024-07-08 12:00:00,917609270.0,917609270.0,12,0,0,False,4200.0,1.2246467991473532e-16,-1.0,918851512.0,14985500.268222025
701,2024-07-08 18:00:00,922222868.0,922222868.0,18,0,0,False,4206.0,-1.0,-1.8369701987210297e-16,915142325.5,9974876.101751
702,2024-07-09 00:00:00,,,0,1,1,False,4212.0,0.0,1.0,920039269.6666666,2316647.758987319
703,2024-07-09 06:00:00,908959923.0,908959923.0,6,1,1,False,4218.0,1.0,6.123233995736766e-17,916264020.3333334,6733030.522545191
704,2024-07-09 12:00:00,887935266.0,887935266.0,12,1,1,False,4224.0,1.2246467991473532e-16,-1.0,906372685.6666666,17289599.77824428
705,2024-07-09 18:00:00,920808587.5,920808587.5,18,1,1,False,4230.0,-1.0,-1.8369701987210297e-16,905901258.8333334,16648735.281514509
706,2024-07-10 00:00:00,,,0,2,2,False,4236.0,0.0,1.0,905901258.8333334,16648735.281514509
707,2024-07-10 06:00:00,919400929.0,919400929.0,6,2,2,False,4242.0,1.0,6.123233995736766e-17,909381594.1666666,18586396.08658557
708,2024-07-10 12:00:00,922434567.0,922434567.0,12,2,2,False,4248.0,1.2246467991473532e-16,-1.0,920881361.1666666,1518127.756053346
709,2024-07-10 18:00:00,924061388.0,924061388.0,18,2,2,False,4254.0,-1.0,-1.8369701987210297e-16,921965628.0,2365353.538475694
710,2024-07-11 00:00:00,,,0,3,3,False,4260.0,0.0,1.0,921965628.0,2365353.538475694
711,2024-07-11 06:00:00,,,6,3,3,False,4266.0,1.0,6.123233995736766e-17,923247977.5,1150336.1608927508
712,2024-07-11 12:00:00,921443757.5,921443757.5,12,3,3,False,4272.0,1.2246467991473532e-16,-1.0,922752572.75,1850944.2772007205
713,2024-07-11 18:00:00,922094516.5,922094516.5,18,3,3,False,4278.0,-1.0,-1.8369701987210297e-16,921769137.0,460156.1018583505
714,2024-07-12 00:00:00,,,0,4,4,False,4284.0,0.0,1.0,921769137.0,460156.1018583505
715,2024-07-12 06:00:00,924322259.5,924322259.5,6,4,4,False,4290.0,1.0,6.123233995736766e-17,922620177.8333334,1509530.8274562561
716,2024-07-12 12:00:00,912106934.0,912106934.0,12,4,4,False,4296.0,1.2246467991473532e-16,-1.0,919507903.3333334,6505495.3710871395
